streaming_0,netflix_14331,1
streaming_1,netflix_14290,1
streaming_10,netflix_14121,1
streaming_1002,netflix_10760,1
streaming_1004,netflix_13856,1
streaming_1007,netflix_11879,1
streaming_1008,netflix_14654,1
streaming_1009,netflix_11062,1
streaming_1010,netflix_7238,1
streaming_10105,netflix_15144,1
streaming_1013,netflix_3586,1
streaming_1014,netflix_11113,1
streaming_1015,netflix_15145,1
streaming_10165,netflix_13606,0.8
streaming_1017,netflix_11277,1
streaming_10178,netflix_7055,1
streaming_1019,netflix_14639,1
streaming_10196,netflix_1035,0.727272727
streaming_10206,netflix_14164,1
streaming_1022,netflix_4605,1
streaming_1024,netflix_8681,1
streaming_1026,netflix_7375,1
streaming_1028,netflix_10332,1
streaming_103,netflix_11572,1
streaming_1030,netflix_8396,1
streaming_1031,netflix_8666,1
streaming_1032,netflix_4446,1
streaming_1033,netflix_4678,1
streaming_1035,netflix_12682,1
streaming_1035,netflix_3532,1
streaming_10352,netflix_180,1
streaming_1036,netflix_9548,1
streaming_1037,netflix_11616,1
streaming_1038,netflix_8474,0.727272727
streaming_10397,netflix_13660,0.769230769
streaming_1040,netflix_6414,1
streaming_1040,netflix_7963,1
streaming_1041,netflix_9830,1
streaming_10410,netflix_3970,0.8
streaming_1042,netflix_13936,1
streaming_1043,netflix_5243,0.956521739
streaming_10458,netflix_1570,0.75
streaming_1046,netflix_13847,1
streaming_1047,netflix_15163,0.928571429
streaming_10476,netflix_14161,0.714285714
streaming_1048,netflix_13832,1
streaming_1049,netflix_6688,0.961538462
streaming_105,netflix_9037,1
streaming_1050,netflix_6166,1
streaming_1051,netflix_4625,0.875
streaming_1053,netflix_9638,1
streaming_1054,netflix_8831,1
streaming_1055,netflix_10788,1
streaming_1057,netflix_9345,1
streaming_1058,netflix_6388,1
streaming_106,netflix_15433,1
streaming_1060,netflix_8434,1
streaming_10604,netflix_9019,0.833333333
streaming_10606,netflix_12561,1
streaming_1061,netflix_11743,1
streaming_1062,netflix_6130,1
streaming_1063,netflix_10908,1
streaming_1064,netflix_6506,1
streaming_1066,netflix_5895,1
streaming_10666,netflix_11703,0.8
streaming_10666,netflix_12394,0.8
streaming_1067,netflix_8412,1
streaming_1068,netflix_13569,1
streaming_1069,netflix_8367,1
streaming_107,netflix_1465,0.705882353
streaming_1070,netflix_3838,1
streaming_1073,netflix_3407,1
streaming_1076,netflix_11006,0.909090909
streaming_1077,netflix_10198,1
streaming_1078,netflix_12033,0.975
streaming_1079,netflix_6091,1
streaming_1082,netflix_6133,1
streaming_1084,netflix_8591,1
streaming_1085,netflix_14171,1
streaming_1086,netflix_6650,1
streaming_1088,netflix_9933,1
streaming_1090,netflix_11072,1
streaming_10901,netflix_9040,0.736842105
streaming_1091,netflix_12039,1
streaming_1092,netflix_234,1
streaming_1095,netflix_6883,1
streaming_1096,netflix_11571,1
streaming_1097,netflix_8920,1
streaming_110,netflix_6455,1
streaming_1100,netflix_11504,1
streaming_1102,netflix_6225,1
streaming_1103,netflix_10418,1
streaming_1104,netflix_11410,1
streaming_1107,netflix_9488,1
streaming_1110,netflix_7242,1
streaming_1111,netflix_14392,1
streaming_1113,netflix_4376,0.777777778
streaming_1115,netflix_8377,1
streaming_1118,netflix_5972,0.9
streaming_11180,netflix_4626,0.818181818
streaming_1119,netflix_8305,1
streaming_112,netflix_3438,1
streaming_1120,netflix_8341,1
streaming_1122,netflix_6295,1
streaming_1123,netflix_11906,1
streaming_1124,netflix_5536,1
streaming_11251,netflix_55,1
streaming_1126,netflix_10724,1
streaming_1128,netflix_8992,1
streaming_113,netflix_11125,1
streaming_1131,netflix_11944,0.863636364
streaming_11321,netflix_6040,1
streaming_1133,netflix_4357,1
streaming_1134,netflix_8588,1
streaming_1135,netflix_11269,1
streaming_1136,netflix_15466,1
streaming_11364,netflix_4276,0.833333333
streaming_1138,netflix_8820,1
streaming_1142,netflix_9688,1
streaming_1143,netflix_11315,1
streaming_1144,netflix_11780,1
streaming_1145,netflix_15298,1
streaming_1147,netflix_5830,1
streaming_11473,netflix_11569,0.727272727
streaming_1148,netflix_9647,1
streaming_11493,netflix_1491,1
streaming_115,netflix_13667,1
streaming_11504,netflix_5403,1
streaming_1151,netflix_6332,1
streaming_1153,netflix_5272,1
streaming_11547,netflix_5876,0.857142857
streaming_1157,netflix_10398,1
streaming_1158,netflix_15217,0.95
streaming_1159,netflix_9103,1
streaming_1161,netflix_9730,1
streaming_1162,netflix_11941,1
streaming_1165,netflix_3832,1
streaming_1167,netflix_5892,1
streaming_1168,netflix_15345,1
streaming_11688,netflix_3909,1
streaming_117,netflix_14812,1
streaming_1170,netflix_5804,1
streaming_1171,netflix_4020,1
streaming_1174,netflix_7320,1
streaming_1175,netflix_11355,1
streaming_1177,netflix_8894,1
streaming_1178,netflix_15397,1
streaming_1179,netflix_14882,1
streaming_118,netflix_6755,1
streaming_11809,netflix_6351,1
streaming_1181,netflix_14825,1
streaming_11814,netflix_3446,0.714285714
streaming_1182,netflix_10426,1
streaming_1183,netflix_11996,1
streaming_1184,netflix_14125,1
streaming_1185,netflix_5442,1
streaming_1186,netflix_8327,1
streaming_1187,netflix_6879,1
streaming_1189,netflix_3351,1
streaming_119,netflix_14725,1
streaming_1190,netflix_3485,1
streaming_1191,netflix_10687,1
streaming_1192,netflix_3902,1
streaming_1193,netflix_3856,1
streaming_11939,netflix_9106,0.75
streaming_1194,netflix_5524,1
streaming_1196,netflix_5127,1
streaming_11979,netflix_9544,0.833333333
streaming_1198,netflix_4038,1
streaming_1199,netflix_9900,1
streaming_120,netflix_5715,1
streaming_1201,netflix_4606,1
streaming_12019,netflix_813,0.846153846
streaming_1202,netflix_7335,1
streaming_1203,netflix_6213,1
streaming_12033,netflix_14962,0.8
streaming_1204,netflix_8656,1
streaming_12040,netflix_10671,1
streaming_1205,netflix_8359,1
streaming_1207,netflix_3333,1
streaming_1208,netflix_14888,0.818181818
streaming_1209,netflix_6979,1
streaming_121,netflix_13370,1
streaming_1210,netflix_9642,1
streaming_1211,netflix_11536,1
streaming_1212,netflix_3654,1
streaming_1213,netflix_4259,1
streaming_1215,netflix_8459,0.875
streaming_1218,netflix_13713,1
streaming_1219,netflix_10027,1
streaming_1220,netflix_3703,1
streaming_1222,netflix_8370,1
streaming_1224,netflix_10380,1
streaming_1224,netflix_1372,1
streaming_1225,netflix_5868,1
streaming_1226,netflix_13796,1
streaming_12262,netflix_14176,1
streaming_1228,netflix_4438,1
streaming_1229,netflix_3966,1
streaming_1230,netflix_11182,1
streaming_1231,netflix_3647,1
streaming_1235,netflix_6004,0.754385965
streaming_1236,netflix_7190,1
streaming_1237,netflix_5588,1
streaming_1240,netflix_10134,1
streaming_1242,netflix_8981,0.979591837
streaming_1243,netflix_5826,1
streaming_1244,netflix_14748,1
streaming_1245,netflix_11114,1
streaming_1248,netflix_3757,1
streaming_1249,netflix_14555,0.975609756
streaming_125,netflix_14781,1
streaming_1252,netflix_13845,0.8
streaming_1253,netflix_9580,1
streaming_1255,netflix_4033,1
streaming_1256,netflix_6702,1
streaming_1258,netflix_3354,1
streaming_126,netflix_8472,1
streaming_1262,netflix_8429,1
streaming_12645,netflix_418,1
streaming_1265,netflix_7142,1
streaming_1266,netflix_5494,1
streaming_1267,netflix_8837,1
streaming_1269,netflix_14627,1
streaming_12740,netflix_8161,0.777777778
streaming_1275,netflix_11187,1
streaming_1276,netflix_9022,1
streaming_1277,netflix_6290,1
streaming_1279,netflix_15222,1
streaming_1280,netflix_8156,1
streaming_12804,netflix_10297,0.75
streaming_1281,netflix_10849,1
streaming_1283,netflix_3454,1
streaming_1285,netflix_8353,1
streaming_1286,netflix_3777,1
streaming_1287,netflix_11914,1
streaming_1288,netflix_6871,1
streaming_1289,netflix_9472,1
streaming_129,netflix_15275,1
streaming_12910,netflix_14120,0.833333333
streaming_1295,netflix_9616,1
streaming_1297,netflix_9841,1
streaming_1298,netflix_8289,0.735294118
streaming_1299,netflix_11578,1
streaming_12991,netflix_517,1
streaming_12999,netflix_640,0.733333333
streaming_130,netflix_10166,1
streaming_13015,netflix_85,1
streaming_13028,netflix_518,0.833333333
streaming_1303,netflix_6892,1
streaming_1304,netflix_10309,1
streaming_1305,netflix_7306,1
streaming_1309,netflix_6358,0.928571429
streaming_1310,netflix_6441,0.811320755
streaming_1312,netflix_11230,1
streaming_1313,netflix_8654,1
streaming_1315,netflix_13899,1
streaming_1317,netflix_15074,1
streaming_1318,netflix_6179,1
streaming_132,netflix_9300,0.990566038
streaming_1320,netflix_5657,1
streaming_1321,netflix_10323,1
streaming_1322,netflix_3335,1
streaming_1324,netflix_3868,0.958333333
streaming_1325,netflix_6131,1
streaming_1326,netflix_8572,1
streaming_1327,netflix_3382,0.923076923
streaming_1328,netflix_10065,1
streaming_13286,netflix_10339,0.722222222
streaming_1329,netflix_13529,1
streaming_133,netflix_13649,1
streaming_1330,netflix_3330,1
streaming_13307,netflix_10736,0.857142857
streaming_1332,netflix_3833,1
streaming_1333,netflix_14427,1
streaming_13342,netflix_12290,0.75
streaming_1336,netflix_11207,1
streaming_1337,netflix_10039,1
streaming_1338,netflix_4575,1
streaming_1339,netflix_14370,1
streaming_134,netflix_15084,1
streaming_1340,netflix_5710,1
streaming_1342,netflix_10842,1
streaming_1344,netflix_7305,1
streaming_1345,netflix_8930,1
streaming_1348,netflix_13951,1
streaming_1349,netflix_10063,1
streaming_1350,netflix_10590,1
streaming_1351,netflix_9224,1
streaming_1352,netflix_15438,1
streaming_1353,netflix_3664,1
streaming_1354,netflix_5831,1
streaming_1355,netflix_7253,1
streaming_1356,netflix_6415,1
streaming_1357,netflix_3768,1
streaming_1358,netflix_8500,1
streaming_1359,netflix_9583,1
streaming_1360,netflix_10303,1
streaming_1361,netflix_10382,1
streaming_1362,netflix_11468,1
streaming_1363,netflix_10325,1
streaming_13635,netflix_14936,0.875
streaming_1364,netflix_13718,1
streaming_1365,netflix_9425,1
streaming_1367,netflix_10575,0.941176471
streaming_137,netflix_9726,1
streaming_1370,netflix_6116,0.96
streaming_1371,netflix_13863,1
streaming_1373,netflix_8547,1
streaming_13734,netflix_7093,0.733333333
streaming_1374,netflix_8787,1
streaming_1376,netflix_3537,1
streaming_13769,netflix_10983,0.75
streaming_1377,netflix_6062,1
streaming_1378,netflix_14225,1
streaming_1379,netflix_9179,1
streaming_1384,netflix_6947,1
streaming_1385,netflix_10810,1
streaming_1386,netflix_15196,1
streaming_1387,netflix_15152,0.954545455
streaming_139,netflix_13922,1
streaming_1391,netflix_10800,1
streaming_1392,netflix_6752,1
streaming_1396,netflix_15182,1
streaming_1398,netflix_3430,1
streaming_14,netflix_8645,1
streaming_14002,netflix_11810,0.714285714
streaming_1401,netflix_3995,1
streaming_1402,netflix_10704,1
streaming_1404,netflix_3484,1
streaming_1406,netflix_5325,1
streaming_14097,netflix_7640,1
streaming_141,netflix_15230,0.973684211
streaming_1410,netflix_3719,1
streaming_1412,netflix_10841,1
streaming_1413,netflix_13629,1
streaming_1414,netflix_11088,1
streaming_1417,netflix_13620,1
streaming_1418,netflix_3519,0.952380952
streaming_1419,netflix_13446,0.884615385
streaming_14194,netflix_8365,0.777777778
streaming_14196,netflix_6873,0.727272727
streaming_1420,netflix_6745,1
streaming_1421,netflix_9959,0.979591837
streaming_1425,netflix_13971,0.970588235
streaming_1426,netflix_10302,1
streaming_14268,netflix_9160,0.941176471
streaming_1427,netflix_6303,1
streaming_1428,netflix_6859,1
streaming_1429,netflix_13885,1
streaming_143,netflix_9298,1
streaming_1430,netflix_8222,1
streaming_1431,netflix_4505,0.96
streaming_1432,netflix_5879,1
streaming_1433,netflix_3953,1
streaming_1434,netflix_6881,0.789473684
streaming_1436,netflix_9845,1
streaming_1437,netflix_3409,1
streaming_1438,netflix_8152,1
streaming_1439,netflix_14832,0.852941176
streaming_144,netflix_14201,1
streaming_1441,netflix_3422,1
streaming_14435,netflix_9919,1
streaming_1445,netflix_4675,1
streaming_14465,netflix_11265,0.75
streaming_1447,netflix_15160,1
streaming_1449,netflix_11474,1
streaming_1450,netflix_6357,1
streaming_1451,netflix_8594,1
streaming_14516,netflix_13410,0.75
streaming_14518,netflix_12423,0.875
streaming_14542,netflix_6852,1
streaming_1455,netflix_4515,1
streaming_1457,netflix_11619,1
streaming_1459,netflix_6078,1
streaming_1459,netflix_6082,1
streaming_146,netflix_14894,1
streaming_1462,netflix_3338,1
streaming_1464,netflix_6033,1
streaming_1465,netflix_10358,0.882352941
streaming_1466,netflix_6072,1
streaming_1469,netflix_10017,1
streaming_147,netflix_14733,1
streaming_1472,netflix_9249,1
streaming_1473,netflix_6949,1
streaming_1474,netflix_15173,1
streaming_14750,netflix_14360,0.875
streaming_1476,netflix_6330,1
streaming_14765,netflix_13678,0.9
streaming_1477,netflix_4697,1
streaming_14771,netflix_14337,0.714285714
streaming_1479,netflix_9491,1
streaming_1480,netflix_8285,1
streaming_1482,netflix_8803,1
streaming_1484,netflix_9332,1
streaming_1486,netflix_4932,1
streaming_1488,netflix_10178,1
streaming_1489,netflix_3675,1
streaming_149,netflix_9470,0.923076923
streaming_1490,netflix_5435,1
streaming_1492,netflix_7167,0.857142857
streaming_1495,netflix_8185,1
streaming_1496,netflix_8549,0.931034483
streaming_1497,netflix_10635,1
streaming_1498,netflix_11857,0.95
streaming_1499,netflix_9626,1
streaming_150,netflix_14706,1
streaming_1500,netflix_14504,1
streaming_1501,netflix_14960,1
streaming_15010,netflix_12119,0.75
streaming_1502,netflix_9000,1
streaming_1503,netflix_15042,1
streaming_1505,netflix_10328,1
streaming_1506,netflix_9735,1
streaming_15065,netflix_14716,0.789473684
streaming_1510,netflix_5092,1
streaming_1513,netflix_9746,0.941176471
streaming_1514,netflix_8455,1
streaming_1516,netflix_7022,1
streaming_1518,netflix_12200,1
streaming_1519,netflix_4614,1
streaming_1521,netflix_12016,1
streaming_1523,netflix_5436,1
streaming_1524,netflix_9432,1
streaming_1527,netflix_3535,1
streaming_15271,netflix_1871,1
streaming_1529,netflix_8869,1
streaming_1530,netflix_3671,1
streaming_1533,netflix_3534,1
streaming_1534,netflix_13210,1
streaming_1535,netflix_8731,1
streaming_1536,netflix_4874,1
streaming_1537,netflix_6656,1
streaming_1538,netflix_8302,1
streaming_154,netflix_8157,1
streaming_15408,netflix_11559,0.909090909
streaming_1541,netflix_11380,1
streaming_1544,netflix_3981,0.714285714
streaming_1545,netflix_3437,1
streaming_1546,netflix_4477,1
streaming_1548,netflix_11372,1
streaming_155,netflix_7321,0.857142857
streaming_1552,netflix_8882,1
streaming_1554,netflix_8583,1
streaming_1555,netflix_8564,1
streaming_156,netflix_11416,1
streaming_1561,netflix_5639,0.916666667
streaming_1562,netflix_9795,1
streaming_1564,netflix_8266,0.972222222
streaming_1567,netflix_2049,0.791666667
streaming_1568,netflix_3391,1
streaming_1569,netflix_8284,1
streaming_1570,netflix_8984,1
streaming_1571,netflix_9240,1
streaming_1572,netflix_10081,1
streaming_15726,netflix_11266,0.714285714
streaming_1573,netflix_6031,1
streaming_15738,netflix_14681,0.769230769
streaming_1574,netflix_3866,1
streaming_1577,netflix_9434,1
streaming_15779,netflix_14695,0.714285714
streaming_1578,netflix_5845,0.9
streaming_158,netflix_3950,1
streaming_1580,netflix_3642,0.728571429
streaming_1581,netflix_8568,1
streaming_1584,netflix_4578,1
streaming_1586,netflix_5255,1
streaming_1587,netflix_10813,1
streaming_1587,netflix_2223,1
streaming_15870,netflix_9100,0.736842105
streaming_1588,netflix_3988,0.9375
streaming_1589,netflix_15450,1
streaming_1591,netflix_13299,1
streaming_1592,netflix_10349,1
streaming_15927,netflix_1210,1
streaming_1594,netflix_3688,1
streaming_1596,netflix_14826,1
streaming_1598,netflix_6933,0.8125
streaming_1599,netflix_10803,1
streaming_16,netflix_12113,1
streaming_160,netflix_4419,1
streaming_1600,netflix_15311,0.976190476
streaming_1603,netflix_6298,1
streaming_1604,netflix_6992,1
streaming_1606,netflix_3904,1
streaming_1608,netflix_11079,1
streaming_1609,netflix_6294,1
streaming_161,netflix_5440,1
streaming_1610,netflix_7359,1
streaming_1611,netflix_7300,1
streaming_1612,netflix_5999,1
streaming_1612,netflix_6721,1
streaming_1613,netflix_3378,1
streaming_1614,netflix_4659,1
streaming_16149,netflix_5746,0.8
streaming_1615,netflix_5860,1
streaming_1616,netflix_9082,1
streaming_1618,netflix_13781,0.714285714
streaming_1620,netflix_3431,1
streaming_1621,netflix_5531,1
streaming_16227,netflix_10520,1
streaming_16238,netflix_9895,1
streaming_1624,netflix_8190,1
streaming_16248,netflix_11505,1
streaming_1625,netflix_5413,1
streaming_16250,netflix_11711,1
streaming_16255,netflix_14531,1
streaming_16257,netflix_8351,1
streaming_1626,netflix_15398,0.870967742
streaming_1627,netflix_12845,1
streaming_16273,netflix_9938,1
streaming_16274,netflix_13349,1
streaming_1629,netflix_5990,1
streaming_163,netflix_9656,0.826086957
streaming_1630,netflix_3978,1
streaming_1631,netflix_8663,1
streaming_1632,netflix_4048,1
streaming_1633,netflix_6928,1
streaming_16331,netflix_10338,1
streaming_1635,netflix_8767,1
streaming_16359,netflix_14283,1
streaming_1637,netflix_9266,1
streaming_1638,netflix_6209,1
streaming_1639,netflix_3701,1
streaming_164,netflix_14929,1
streaming_1640,netflix_7366,1
streaming_1642,netflix_15237,1
streaming_16455,netflix_15390,1
streaming_1649,netflix_10116,1
streaming_165,netflix_12004,1
streaming_1650,netflix_9477,1
streaming_1652,netflix_12248,1
streaming_16520,netflix_11877,1
streaming_1653,netflix_3652,1
streaming_1656,netflix_5501,1
streaming_16563,netflix_8702,0.8
streaming_1657,netflix_7023,1
streaming_166,netflix_8068,1
streaming_1661,netflix_11727,1
streaming_1663,netflix_15244,1
streaming_1664,netflix_7262,0.870967742
streaming_1666,netflix_5727,1
streaming_1668,netflix_11663,0.957446809
streaming_1671,netflix_4418,1
streaming_1673,netflix_3755,1
streaming_1674,netflix_10959,1
streaming_1675,netflix_4362,1
streaming_1676,netflix_4590,1
streaming_1677,netflix_8779,1
streaming_1678,netflix_11672,1
streaming_168,netflix_2162,1
streaming_168,netflix_4611,1
streaming_1680,netflix_14500,1
streaming_1682,netflix_10336,1
streaming_1683,netflix_8602,1
streaming_1685,netflix_9898,1
streaming_1686,netflix_9256,1
streaming_1687,netflix_13409,1
streaming_1688,netflix_4203,1
streaming_169,netflix_8905,1
streaming_1693,netflix_9621,1
streaming_1694,netflix_7296,1
streaming_1695,netflix_6936,1
streaming_1696,netflix_6039,1
streaming_1697,netflix_12234,1
streaming_1698,netflix_9518,1
streaming_1699,netflix_6128,1
streaming_17,netflix_12173,1
streaming_170,netflix_6093,1
streaming_1700,netflix_3882,1
streaming_1701,netflix_3840,1
streaming_1703,netflix_4288,1
streaming_1704,netflix_11785,1
streaming_1705,netflix_10791,1
streaming_1707,netflix_8251,1
streaming_1709,netflix_3402,1
streaming_171,netflix_5038,1
streaming_1710,netflix_8986,1
streaming_1712,netflix_6504,1
streaming_1715,netflix_10797,1
streaming_1719,netflix_8306,1
streaming_172,netflix_8680,1
streaming_1720,netflix_15309,1
streaming_1721,netflix_5512,1
streaming_1722,netflix_10429,1
streaming_1723,netflix_8659,1
streaming_1725,netflix_14029,1
streaming_1726,netflix_7259,1
streaming_1727,netflix_8099,1
streaming_1729,netflix_14937,1
streaming_173,netflix_14063,1
streaming_1730,netflix_8937,1
streaming_1731,netflix_9284,0.979591837
streaming_1732,netflix_4978,1
streaming_1736,netflix_10658,1
streaming_1738,netflix_6034,1
streaming_1739,netflix_3380,1
streaming_174,netflix_12189,1
streaming_1740,netflix_4803,1
streaming_1743,netflix_9655,1
streaming_1745,netflix_11008,1
streaming_1747,netflix_11789,0.964285714
streaming_1748,netflix_8226,1
streaming_1749,netflix_6032,1
streaming_175,netflix_15374,1
streaming_1751,netflix_14209,1
streaming_1753,netflix_6700,1
streaming_1755,netflix_8464,1
streaming_1757,netflix_9294,1
streaming_1758,netflix_8531,1
streaming_176,netflix_3782,1
streaming_1760,netflix_7351,1
streaming_1761,netflix_6680,1
streaming_1763,netflix_3729,1
streaming_1764,netflix_6071,1
streaming_1766,netflix_7299,1
streaming_1768,netflix_6191,1
streaming_1769,netflix_11928,1
streaming_177,netflix_8421,1
streaming_1770,netflix_15103,0.961538462
streaming_1771,netflix_6808,1
streaming_1773,netflix_6132,1
streaming_1775,netflix_8399,1
streaming_1776,netflix_14830,1
streaming_1778,netflix_3436,1
streaming_178,netflix_11728,1
streaming_1781,netflix_3458,1
streaming_1782,netflix_7373,1
streaming_1783,netflix_10483,1
streaming_1785,netflix_5171,1
streaming_1786,netflix_7135,0.958333333
streaming_1787,netflix_7352,1
streaming_1789,netflix_10519,1
streaming_179,netflix_10159,1
streaming_1791,netflix_5031,1
streaming_1793,netflix_9515,0.764705882
streaming_1794,netflix_10517,0.882352941
streaming_1796,netflix_6899,1
streaming_1797,netflix_3875,1
streaming_1798,netflix_6061,1
streaming_18,netflix_14309,0.941176471
streaming_1800,netflix_5126,0.933333333
streaming_1801,netflix_7017,1
streaming_1802,netflix_7287,0.85
streaming_1803,netflix_9408,1
streaming_1804,netflix_10914,0.942307692
streaming_1809,netflix_8898,1
streaming_181,netflix_13516,1
streaming_1810,netflix_10348,0.9375
streaming_1811,netflix_5763,1
streaming_1812,netflix_3912,1
streaming_1813,netflix_3381,1
streaming_1814,netflix_6618,0.9
streaming_1816,netflix_14334,0.964285714
streaming_1817,netflix_5386,1
streaming_1818,netflix_4727,1
streaming_1819,netflix_3475,1
streaming_182,netflix_12503,1
streaming_1820,netflix_9770,1
streaming_1821,netflix_14311,1
streaming_1822,netflix_4795,1
streaming_1824,netflix_10509,0.967213115
streaming_1825,netflix_6152,1
streaming_1828,netflix_14927,1
streaming_1829,netflix_11683,1
streaming_1830,netflix_8485,0.933333333
streaming_1831,netflix_6293,1
streaming_1832,netflix_9932,1
streaming_1833,netflix_4718,1
streaming_1834,netflix_7156,1
streaming_1835,netflix_9873,1
streaming_1837,netflix_5680,1
streaming_1838,netflix_5820,1
streaming_1839,netflix_6669,1
streaming_184,netflix_5495,1
streaming_1841,netflix_6092,1
streaming_1844,netflix_4759,1
streaming_1845,netflix_11391,0.714285714
streaming_1846,netflix_10185,1
streaming_1848,netflix_3612,1
streaming_1849,netflix_11070,1
streaming_1853,netflix_6342,1
streaming_1854,netflix_6363,1
streaming_1858,netflix_5185,1
streaming_186,netflix_14644,1
streaming_1861,netflix_4387,1
streaming_1862,netflix_5966,1
streaming_1863,netflix_6385,0.875
streaming_1864,netflix_14017,1
streaming_1865,netflix_5316,1
streaming_1866,netflix_7151,1
streaming_1867,netflix_12886,1
streaming_187,netflix_9212,1
streaming_1871,netflix_5428,1
streaming_1872,netflix_12317,1
streaming_1873,netflix_11603,1
streaming_1875,netflix_11192,0.923076923
streaming_1877,netflix_8571,1
streaming_1879,netflix_7261,0.928571429
streaming_1880,netflix_4875,1
streaming_1881,netflix_5846,1
streaming_1882,netflix_9796,0.96
streaming_1883,netflix_12261,1
streaming_1886,netflix_5987,1
streaming_1887,netflix_9229,1
streaming_1890,netflix_5009,1
streaming_1891,netflix_6708,1
streaming_1892,netflix_10025,1
streaming_1894,netflix_9941,1
streaming_1895,netflix_11330,1
streaming_1899,netflix_8886,1
streaming_190,netflix_14357,1
streaming_1900,netflix_13134,1
streaming_1904,netflix_8865,1
streaming_1905,netflix_4385,1
streaming_1908,netflix_6119,1
streaming_1917,netflix_5118,1
streaming_1918,netflix_6049,1
streaming_1921,netflix_8609,1
streaming_1924,netflix_4877,1
streaming_1926,netflix_13591,1
streaming_1927,netflix_8695,1
streaming_193,netflix_11251,1
streaming_1930,netflix_4669,0.923076923
streaming_1932,netflix_8559,1
streaming_1933,netflix_8154,1
streaming_1935,netflix_7284,1
streaming_1936,netflix_4181,1
streaming_1939,netflix_6382,0.975
streaming_1940,netflix_7258,1
streaming_1943,netflix_10006,1
streaming_1945,netflix_5658,1
streaming_1949,netflix_9435,1
streaming_195,netflix_4960,1
streaming_1950,netflix_11128,0.975
streaming_1953,netflix_5968,1
streaming_1954,netflix_5535,1
streaming_1956,netflix_10962,0.916666667
streaming_1957,netflix_4619,1
streaming_196,netflix_15273,1
streaming_1962,netflix_5654,1
streaming_1963,netflix_9627,1
streaming_1966,netflix_10771,1
streaming_1967,netflix_6416,1
streaming_1968,netflix_9015,1
streaming_1969,netflix_5768,1
streaming_197,netflix_9218,1
streaming_1970,netflix_3367,1
streaming_1971,netflix_12799,1
streaming_1973,netflix_8884,1
streaming_1974,netflix_8461,1
streaming_1975,netflix_12771,1
streaming_1977,netflix_6088,1
streaming_1980,netflix_7223,1
streaming_1981,netflix_9278,1
streaming_1984,netflix_6173,0.916666667
streaming_1985,netflix_8857,1
streaming_1986,netflix_6412,0.941176471
streaming_1989,netflix_5590,1
streaming_1990,netflix_6989,1
streaming_1991,netflix_6505,1
streaming_1992,netflix_11907,0.714285714
streaming_1993,netflix_3702,0.9
streaming_1994,netflix_9505,1
streaming_1995,netflix_9233,1
streaming_1997,netflix_5756,1
streaming_1998,netflix_10008,1
streaming_1999,netflix_6065,1
streaming_200,netflix_6503,1
streaming_2000,netflix_10230,1
streaming_2002,netflix_13579,1
streaming_2004,netflix_8493,0.964285714
streaming_2005,netflix_6296,1
streaming_2007,netflix_10170,1
streaming_2009,netflix_5042,1
streaming_201,netflix_14587,1
streaming_2011,netflix_5237,1
streaming_2014,netflix_6218,1
streaming_2015,netflix_5579,1
streaming_2016,netflix_6861,1
streaming_2018,netflix_6203,1
streaming_2020,netflix_5568,1
streaming_2021,netflix_4372,0.909090909
streaming_2022,netflix_9415,1
streaming_2023,netflix_4574,1
streaming_2024,netflix_3728,1
streaming_2026,netflix_4581,1
streaming_2028,netflix_6026,1
streaming_2032,netflix_8520,1
streaming_2033,netflix_8388,1
streaming_2034,netflix_5492,0.9
streaming_2036,netflix_7134,1
streaming_2038,netflix_9579,1
streaming_2039,netflix_11375,1
streaming_204,netflix_11249,1
streaming_2041,netflix_5991,1
streaming_2042,netflix_11929,1
streaming_2044,netflix_9378,1
streaming_2048,netflix_4582,1
streaming_2049,netflix_10604,1
streaming_205,netflix_8883,1
streaming_2050,netflix_3762,1
streaming_2052,netflix_8507,1
streaming_2053,netflix_12368,0.98
streaming_2054,netflix_7154,1
streaming_2055,netflix_9031,1
streaming_2056,netflix_6741,1
streaming_2058,netflix_11310,1
streaming_2059,netflix_4503,1
streaming_2060,netflix_6610,1
streaming_2062,netflix_8017,1
streaming_2063,netflix_11074,1
streaming_2066,netflix_4758,1
streaming_2067,netflix_8878,1
streaming_2068,netflix_6167,1
streaming_207,netflix_11582,1
streaming_2071,netflix_5179,1
streaming_2073,netflix_6692,1
streaming_2074,netflix_5740,1
streaming_2075,netflix_10501,1
streaming_2077,netflix_8638,1
streaming_208,netflix_10487,1
streaming_2081,netflix_8250,1
streaming_2083,netflix_5722,1
streaming_2085,netflix_4750,1
streaming_2086,netflix_6163,1
streaming_2087,netflix_9646,1
streaming_2088,netflix_3521,1
streaming_2089,netflix_4785,1
streaming_209,netflix_8809,1
streaming_2091,netflix_9396,1
streaming_2092,netflix_7621,1
streaming_2097,netflix_7128,1
streaming_2098,netflix_3630,1
streaming_21,netflix_14277,1
streaming_210,netflix_9060,1
streaming_2101,netflix_6360,1
streaming_2102,netflix_13822,1
streaming_2103,netflix_5659,1
streaming_2104,netflix_9925,1
streaming_2105,netflix_6865,1
streaming_2107,netflix_9803,1
streaming_2108,netflix_5467,1
streaming_2112,netflix_4663,1
streaming_2113,netflix_10175,1
streaming_2114,netflix_4031,1
streaming_2116,netflix_13961,0.95
streaming_2117,netflix_15353,1
streaming_2119,netflix_9934,1
streaming_212,netflix_13828,1
streaming_2121,netflix_7347,1
streaming_2122,netflix_15218,1
streaming_2123,netflix_4204,1
streaming_2124,netflix_10940,1
streaming_2125,netflix_6155,1
streaming_2126,netflix_10725,1
streaming_2127,netflix_7000,1
streaming_2129,netflix_4060,1
streaming_213,netflix_4179,1
streaming_2130,netflix_6433,0.848484848
streaming_2132,netflix_6893,1
streaming_2133,netflix_356,0.818181818
streaming_2134,netflix_8158,1
streaming_2137,netflix_3667,1
streaming_214,netflix_15407,1
streaming_2148,netflix_3457,1
streaming_215,netflix_10252,1
streaming_2151,netflix_6212,1
streaming_2153,netflix_9363,1
streaming_2154,netflix_3592,1
streaming_2156,netflix_9207,1
streaming_2157,netflix_5993,1
streaming_2160,netflix_10461,0.966666667
streaming_2163,netflix_10139,1
streaming_2164,netflix_7254,1
streaming_2166,netflix_9670,0.96
streaming_2167,netflix_11614,0.727272727
streaming_2168,netflix_4014,1
streaming_2169,netflix_6036,1
streaming_2171,netflix_3881,1
streaming_2172,netflix_8200,1
streaming_2175,netflix_8970,1
streaming_2177,netflix_7772,1
streaming_2178,netflix_6115,0.928571429
streaming_2180,netflix_6789,1
streaming_2182,netflix_3459,1
streaming_2186,netflix_8576,1
streaming_2187,netflix_13390,1
streaming_2189,netflix_8579,0.941176471
streaming_219,netflix_12105,1
streaming_2192,netflix_8511,1
streaming_2194,netflix_10861,1
streaming_2195,netflix_5347,1
streaming_2196,netflix_5257,1
streaming_2198,netflix_8575,1
streaming_2199,netflix_5105,0.970588235
streaming_22,netflix_13357,1
streaming_220,netflix_7364,1
streaming_2200,netflix_6150,1
streaming_2201,netflix_8391,1
streaming_2202,netflix_8517,0.75
streaming_2203,netflix_3880,1
streaming_2205,netflix_11093,0.916666667
streaming_2206,netflix_9350,0.75
streaming_2207,netflix_13539,1
streaming_2208,netflix_4045,1
streaming_2209,netflix_13567,1
streaming_221,netflix_10315,0.976190476
streaming_2210,netflix_6134,1
streaming_2211,netflix_9191,1
streaming_2212,netflix_6887,1
streaming_2213,netflix_8842,1
streaming_2215,netflix_9930,1
streaming_2216,netflix_7348,1
streaming_2219,netflix_8197,1
streaming_222,netflix_7205,1
streaming_2220,netflix_3653,1
streaming_2223,netflix_4098,1
streaming_2225,netflix_3403,1
streaming_2226,netflix_6675,1
streaming_2227,netflix_10084,1
streaming_2228,netflix_4490,1
streaming_223,netflix_15302,1
streaming_2230,netflix_10393,1
streaming_2234,netflix_3980,1
streaming_2235,netflix_8980,1
streaming_2237,netflix_9458,1
streaming_2238,netflix_6686,1
streaming_2239,netflix_11809,1
streaming_224,netflix_4728,1
streaming_2240,netflix_10782,1
streaming_2241,netflix_8155,1
streaming_2243,netflix_6639,1
streaming_2244,netflix_6842,1
streaming_2245,netflix_8199,1
streaming_2247,netflix_8534,1
streaming_225,netflix_10446,1
streaming_2250,netflix_4374,1
streaming_2251,netflix_6972,1
streaming_2252,netflix_9815,1
streaming_2253,netflix_11003,1
streaming_2254,netflix_15073,0.928571429
streaming_2255,netflix_11199,1
streaming_2257,netflix_5886,1
streaming_2258,netflix_12854,1
streaming_226,netflix_3696,1
streaming_2262,netflix_12829,1
streaming_2263,netflix_3903,1
streaming_2264,netflix_6281,1
streaming_2265,netflix_5430,0.952380952
streaming_2266,netflix_6827,1
streaming_2267,netflix_9570,1
streaming_2269,netflix_7480,0.972222222
streaming_2270,netflix_9922,1
streaming_2272,netflix_4747,1
streaming_2273,netflix_6595,1
streaming_2274,netflix_11071,1
streaming_2276,netflix_4931,1
streaming_2277,netflix_5660,1
streaming_2279,netflix_6188,1
streaming_2280,netflix_3548,1
streaming_2281,netflix_10448,1
streaming_2283,netflix_6108,0.954545455
streaming_2285,netflix_8504,1
streaming_2286,netflix_14256,0.818181818
streaming_2288,netflix_14923,0.975609756
streaming_2289,netflix_13551,1
streaming_2290,netflix_9963,1
streaming_2291,netflix_8357,1
streaming_2293,netflix_6894,1
streaming_2295,netflix_3873,1
streaming_23,netflix_15378,1
streaming_230,netflix_11306,1
streaming_2300,netflix_15006,0.967741935
streaming_2301,netflix_8887,1
streaming_2303,netflix_8537,1
streaming_2304,netflix_4962,1
streaming_2305,netflix_7137,1
streaming_2306,netflix_6962,0.97826087
streaming_2307,netflix_4866,1
streaming_2308,netflix_7016,1
streaming_2309,netflix_5980,1
streaming_231,netflix_6948,1
streaming_2310,netflix_5049,1
streaming_2314,netflix_8573,1
streaming_2319,netflix_9402,1
streaming_232,netflix_9056,1
streaming_2320,netflix_7148,1
streaming_2321,netflix_11234,1
streaming_2322,netflix_10678,1
streaming_2323,netflix_8229,1
streaming_2325,netflix_7346,1
streaming_2327,netflix_10663,1
streaming_233,netflix_5443,1
streaming_2331,netflix_9253,1
streaming_2334,netflix_14943,1
streaming_2336,netflix_10005,1
streaming_234,netflix_5056,1
streaming_2341,netflix_5191,1
streaming_2345,netflix_5018,1
streaming_2347,netflix_4591,0.972222222
streaming_2349,netflix_3743,1
streaming_235,netflix_3531,1
streaming_2353,netflix_13789,0.96875
streaming_2356,netflix_4059,1
streaming_2357,netflix_4433,1
streaming_2359,netflix_8700,1
streaming_236,netflix_14252,1
streaming_2360,netflix_8728,1
streaming_2361,netflix_9926,1
streaming_2362,netflix_6867,1
streaming_2363,netflix_9422,1
streaming_2364,netflix_9479,1
streaming_2365,netflix_6658,1
streaming_2366,netflix_6195,1
streaming_2368,netflix_6451,1
streaming_2369,netflix_3842,1
streaming_237,netflix_12268,1
streaming_2370,netflix_9990,1
streaming_2372,netflix_13447,1
streaming_2373,netflix_10416,0.888888889
streaming_2378,netflix_8639,1
streaming_2379,netflix_7226,0.916666667
streaming_2380,netflix_5421,1
streaming_2381,netflix_10324,1
streaming_2382,netflix_9683,1
streaming_2383,netflix_10929,1
streaming_2384,netflix_9976,1
streaming_2385,netflix_4215,0.928571429
streaming_2387,netflix_10938,1
streaming_2390,netflix_9657,1
streaming_2391,netflix_10385,1
streaming_2392,netflix_6059,1
streaming_2393,netflix_12199,1
streaming_2394,netflix_5384,1
streaming_2399,netflix_10879,1
streaming_240,netflix_9717,1
streaming_2401,netflix_4613,1
streaming_2407,netflix_13615,1
streaming_2408,netflix_6251,1
streaming_2409,netflix_14245,1
streaming_2410,netflix_10249,0.947368421
streaming_2411,netflix_13717,1
streaming_2412,netflix_4696,1
streaming_2413,netflix_8103,1
streaming_2414,netflix_6107,1
streaming_2417,netflix_5544,1
streaming_242,netflix_14022,1
streaming_2422,netflix_10226,1
streaming_2428,netflix_9758,1
streaming_243,netflix_14238,1
streaming_2430,netflix_5989,1
streaming_2431,netflix_9492,0.952380952
streaming_2434,netflix_13770,1
streaming_2436,netflix_6900,1
streaming_2437,netflix_13780,1
streaming_2439,netflix_6354,1
streaming_244,netflix_3786,1
streaming_2441,netflix_4639,1
streaming_2442,netflix_6118,1
streaming_2443,netflix_3835,1
streaming_2447,netflix_10049,1
streaming_2448,netflix_8621,1
streaming_2449,netflix_10594,1
streaming_245,netflix_14813,1
streaming_2452,netflix_9888,1
streaming_2454,netflix_8725,1
streaming_2457,netflix_8402,1
streaming_2459,netflix_11083,1
streaming_246,netflix_5368,0.933333333
streaming_2460,netflix_4280,1
streaming_2461,netflix_4452,1
streaming_2462,netflix_4462,1
streaming_2467,netflix_6997,1
streaming_247,netflix_9605,1
streaming_2471,netflix_11957,1
streaming_2472,netflix_9286,1
streaming_2474,netflix_11080,0.93442623
streaming_2476,netflix_9257,1
streaming_2478,netflix_5069,1
streaming_2479,netflix_3965,1
streaming_248,netflix_3461,1
streaming_2482,netflix_8360,1
streaming_2483,netflix_9001,1
streaming_2485,netflix_13908,1
streaming_2487,netflix_11537,1
streaming_249,netflix_11001,1
streaming_2490,netflix_6457,1
streaming_2492,netflix_8279,1
streaming_2494,netflix_5027,1
streaming_2498,netflix_10064,1
streaming_2499,netflix_6193,1
streaming_250,netflix_11933,1
streaming_2501,netflix_5520,1
streaming_2503,netflix_4871,1
streaming_2505,netflix_8688,1
streaming_2506,netflix_5637,1
streaming_2508,netflix_10689,1
streaming_2509,netflix_8875,1
streaming_251,netflix_14288,1
streaming_2510,netflix_3640,1
streaming_2516,netflix_8836,1
streaming_2517,netflix_10253,1
streaming_2518,netflix_8409,1
streaming_252,netflix_10636,1
streaming_2521,netflix_6889,1
streaming_2522,netflix_12191,1
streaming_2523,netflix_7207,1
streaming_2524,netflix_6079,1
streaming_2525,netflix_6292,1
streaming_253,netflix_15300,1
streaming_2530,netflix_11184,1
streaming_2532,netflix_7129,1
streaming_2533,netflix_6285,1
streaming_2534,netflix_7136,1
streaming_2537,netflix_3395,1
streaming_2538,netflix_13644,0.976744186
streaming_2539,netflix_9454,1
streaming_254,netflix_14355,1
streaming_2542,netflix_11942,1
streaming_2543,netflix_3305,1
streaming_2544,netflix_6442,1
streaming_2546,netflix_3577,1
streaming_2547,netflix_11581,1
streaming_2548,netflix_7118,1
streaming_2549,netflix_4674,1
streaming_255,netflix_11685,1
streaming_2550,netflix_4984,1
streaming_2551,netflix_3467,1
streaming_2554,netflix_4997,1
streaming_2556,netflix_6349,1
streaming_2557,netflix_5938,1
streaming_2558,netflix_10599,1
streaming_256,netflix_9412,1
streaming_2561,netflix_5992,1
streaming_2562,netflix_13566,1
streaming_2563,netflix_9774,1
streaming_2564,netflix_13636,0.933333333
streaming_2565,netflix_8218,1
streaming_2566,netflix_6578,1
streaming_2568,netflix_5572,1
streaming_2569,netflix_5821,1
streaming_257,netflix_14928,1
streaming_2570,netflix_9436,0.956521739
streaming_2571,netflix_10406,1
streaming_2573,netflix_3813,1
streaming_2576,netflix_13701,1
streaming_2577,netflix_13663,1
streaming_2582,netflix_7904,1
streaming_2584,netflix_8641,0.972972973
streaming_2585,netflix_12841,1
streaming_2586,netflix_5502,1
streaming_2587,netflix_5004,1
streaming_2588,netflix_7755,1
streaming_2589,netflix_5121,1
streaming_259,netflix_11262,1
streaming_2590,netflix_9270,1
streaming_2593,netflix_4340,1
streaming_26,netflix_14473,1
streaming_260,netflix_14873,1
streaming_2600,netflix_5095,1
streaming_2602,netflix_3847,1
streaming_261,netflix_13715,1
streaming_2610,netflix_13576,0.965517241
streaming_2611,netflix_4197,1
streaming_2615,netflix_11539,0.930232558
streaming_2616,netflix_1741,1
streaming_2616,netflix_5427,1
streaming_2618,netflix_11634,1
streaming_2619,netflix_8732,1
streaming_262,netflix_14015,1
streaming_2628,netflix_12239,1
streaming_2629,netflix_6210,0.971428571
streaming_263,netflix_9819,1
streaming_2630,netflix_7951,0.857142857
streaming_2632,netflix_6420,1
streaming_2633,netflix_12786,1
streaming_2634,netflix_7334,1
streaming_2635,netflix_3514,0.888888889
streaming_2636,netflix_12402,1
streaming_2638,netflix_4375,1
streaming_264,netflix_14281,1
streaming_2640,netflix_6886,1
streaming_2642,netflix_5571,1
streaming_2645,netflix_3524,1
streaming_2647,netflix_13452,1
streaming_265,netflix_12382,1
streaming_2650,netflix_5543,1
streaming_2651,netflix_5713,1
streaming_2652,netflix_6532,1
streaming_2653,netflix_10452,1
streaming_2655,netflix_8678,1
streaming_2656,netflix_9312,1
streaming_2658,netflix_10056,1
streaming_2659,netflix_8605,0.96875
streaming_266,netflix_8791,1
streaming_2661,netflix_14835,1
streaming_2662,netflix_3730,1
streaming_2664,netflix_4788,1
streaming_2665,netflix_8730,1
streaming_2667,netflix_3491,1
streaming_2668,netflix_6627,1
streaming_267,netflix_7005,1
streaming_2670,netflix_6196,0.833333333
streaming_2671,netflix_10435,1
streaming_2672,netflix_10456,0.764705882
streaming_2675,netflix_5814,1
streaming_2676,netflix_9832,1
streaming_2680,netflix_6197,1
streaming_2681,netflix_10787,0.875
streaming_2683,netflix_6084,1
streaming_2686,netflix_9877,1
streaming_2687,netflix_10617,1
streaming_2688,netflix_5048,1
streaming_269,netflix_14284,1
streaming_2690,netflix_4657,1
streaming_2692,netflix_11534,0.941176471
streaming_2695,netflix_6289,0.947368421
streaming_2697,netflix_9416,1
streaming_27,netflix_12180,1
streaming_270,netflix_10615,1
streaming_2702,netflix_10643,0.833333333
streaming_2703,netflix_9547,1
streaming_2704,netflix_6243,1
streaming_2705,netflix_8658,1
streaming_2707,netflix_9556,1
streaming_2709,netflix_7294,1
streaming_271,netflix_15057,1
streaming_2710,netflix_4544,1
streaming_2711,netflix_6823,1
streaming_2713,netflix_4830,1
streaming_2714,netflix_4034,1
streaming_2715,netflix_3996,1
streaming_2717,netflix_10409,1
streaming_2718,netflix_6875,1
streaming_272,netflix_10956,1
streaming_2720,netflix_3784,1
streaming_2722,netflix_6345,1
streaming_2723,netflix_5974,1
streaming_2725,netflix_4304,1
streaming_2726,netflix_5937,1
streaming_2727,netflix_7187,1
streaming_2728,netflix_8264,1
streaming_2732,netflix_4589,1
streaming_2733,netflix_3874,1
streaming_2735,netflix_13875,0.95
streaming_2737,netflix_8845,1
streaming_2738,netflix_10595,1
streaming_274,netflix_12214,1
streaming_2740,netflix_8701,1
streaming_2743,netflix_10143,1
streaming_2745,netflix_8510,1
streaming_2747,netflix_9395,1
streaming_2748,netflix_7159,1
streaming_2752,netflix_8870,1
streaming_2753,netflix_8914,1
streaming_2754,netflix_5488,1
streaming_2757,netflix_7166,1
streaming_2758,netflix_11236,1
streaming_2759,netflix_9456,1
streaming_276,netflix_8548,1
streaming_2761,netflix_5880,1
streaming_2762,netflix_9709,1
streaming_2763,netflix_6381,1
streaming_2764,netflix_8950,1
streaming_277,netflix_11482,1
streaming_2770,netflix_7225,1
streaming_2771,netflix_9293,1
streaming_2776,netflix_4725,1
streaming_2779,netflix_7162,0.950819672
streaming_2781,netflix_12955,0.909090909
streaming_2782,netflix_11186,1
streaming_2788,netflix_6105,1
streaming_2789,netflix_3748,1
streaming_2790,netflix_9281,1
streaming_2792,netflix_6438,1
streaming_2794,netflix_9598,1
streaming_2795,netflix_3876,0.973684211
streaming_2797,netflix_5486,1
streaming_2798,netflix_3885,1
streaming_2799,netflix_7199,1
streaming_28,netflix_4450,1
streaming_280,netflix_5378,1
streaming_2800,netflix_9962,1
streaming_2801,netflix_11494,1
streaming_2803,netflix_9773,1
streaming_2804,netflix_10641,1
streaming_2804,netflix_670,1
streaming_2808,netflix_12971,1
streaming_281,netflix_14383,1
streaming_2811,netflix_8335,1
streaming_2812,netflix_6148,1
streaming_2813,netflix_7358,1
streaming_2814,netflix_4243,1
streaming_2815,netflix_13685,1
streaming_2819,netflix_7150,1
streaming_282,netflix_13401,1
streaming_2822,netflix_5068,1
streaming_2826,netflix_5932,1
streaming_2827,netflix_1005,0.75
streaming_2828,netflix_8683,0.96969697
streaming_2832,netflix_10344,1
streaming_2833,netflix_6080,0.941176471
streaming_2835,netflix_3427,1
streaming_2836,netflix_6616,1
streaming_2838,netflix_6957,1
streaming_2839,netflix_11367,0.947368421
streaming_284,netflix_4701,1
streaming_2843,netflix_8881,1
streaming_2844,netflix_8151,0.952380952
streaming_2845,netflix_5407,0.888888889
streaming_2848,netflix_5294,1
streaming_2849,netflix_14014,1
streaming_2850,netflix_8693,1
streaming_2852,netflix_6788,1
streaming_2853,netflix_8172,1
streaming_2854,netflix_9719,1
streaming_2855,netflix_6742,1
streaming_2857,netflix_11635,0.947368421
streaming_2859,netflix_6440,0.964285714
streaming_286,netflix_14482,1
streaming_2860,netflix_13861,0.875
streaming_2861,netflix_6784,1
streaming_2862,netflix_8538,1
streaming_2863,netflix_6623,1
streaming_2865,netflix_9761,1
streaming_2866,netflix_10640,1
streaming_2867,netflix_8961,1
streaming_287,netflix_13563,1
streaming_2871,netflix_4225,1
streaming_2872,netflix_8598,1
streaming_2874,netflix_4593,1
streaming_2877,netflix_6787,1
streaming_2878,netflix_5214,1
streaming_288,netflix_11959,1
streaming_2880,netflix_9784,1
streaming_2881,netflix_7157,1
streaming_2882,netflix_8159,1
streaming_2884,netflix_4661,1
streaming_2885,netflix_5371,1
streaming_2887,netflix_7161,1
streaming_2889,netflix_7153,1
streaming_2891,netflix_5025,1
streaming_2893,netflix_4885,1
streaming_2894,netflix_4717,1
streaming_2895,netflix_5741,1
streaming_2898,netflix_14925,1
streaming_2899,netflix_4525,1
streaming_2902,netflix_7900,1
streaming_2908,netflix_8566,1
streaming_291,netflix_11379,1
streaming_2911,netflix_3788,1
streaming_2912,netflix_7141,1
streaming_2914,netflix_6896,1
streaming_2916,netflix_9708,0.977777778
streaming_2918,netflix_6594,1
streaming_2921,netflix_5705,1
streaming_2922,netflix_6960,1
streaming_2924,netflix_8363,1
streaming_2925,netflix_12692,1
streaming_2930,netflix_3914,1
streaming_294,netflix_5961,1
streaming_2942,netflix_6890,1
streaming_2943,netflix_13068,0.972972973
streaming_2947,netflix_5108,1
streaming_295,netflix_11016,1
streaming_2950,netflix_8215,1
streaming_2951,netflix_7360,0.95
streaming_2952,netflix_5342,1
streaming_2953,netflix_13666,1
streaming_2955,netflix_13598,1
streaming_2956,netflix_5780,1
streaming_2959,netflix_6690,1
streaming_2960,netflix_9259,1
streaming_2961,netflix_6785,1
streaming_2962,netflix_8443,0.823529412
streaming_2964,netflix_5451,1
streaming_2966,netflix_4907,1
streaming_2968,netflix_13723,1
streaming_2969,netflix_6029,1
streaming_297,netflix_9199,1
streaming_2971,netflix_13595,1
streaming_2972,netflix_9998,1
streaming_2973,netflix_5145,0.8
streaming_2974,netflix_5010,1
streaming_2975,netflix_4351,1
streaming_2978,netflix_13438,1
streaming_298,netflix_14533,1
streaming_2980,netflix_10774,1
streaming_2981,netflix_11471,1
streaming_2982,netflix_4713,1
streaming_2988,netflix_4451,1
streaming_2989,netflix_4757,1
streaming_2990,netflix_7130,1
streaming_2991,netflix_5718,1
streaming_2992,netflix_13626,1
streaming_2994,netflix_4933,1
streaming_2995,netflix_3426,1
streaming_2996,netflix_6863,1
streaming_2997,netflix_4538,1
streaming_2998,netflix_8174,1
streaming_2999,netflix_3932,1
streaming_3,netflix_14741,1
streaming_30,netflix_4349,1
streaming_300,netflix_8872,1
streaming_3000,netflix_5636,0.833333333
streaming_3002,netflix_4081,1
streaming_3003,netflix_12776,1
streaming_3005,netflix_13670,1
streaming_3006,netflix_5816,1
streaming_3007,netflix_9797,1
streaming_3009,netflix_13581,1
streaming_301,netflix_10089,1
streaming_3012,netflix_9592,1
streaming_3013,netflix_6014,1
streaming_3014,netflix_11709,0.947368421
streaming_3018,netflix_6288,1
streaming_3019,netflix_4598,1
streaming_302,netflix_6452,0.947368421
streaming_3020,netflix_6790,1
streaming_3021,netflix_8380,1
streaming_3024,netflix_8219,0.916666667
streaming_3026,netflix_8160,1
streaming_3029,netflix_8178,0.958333333
streaming_303,netflix_6697,1
streaming_3033,netflix_6662,1
streaming_3034,netflix_9366,1
streaming_3035,netflix_6777,1
streaming_3036,netflix_12696,0.916666667
streaming_3037,netflix_5241,1
streaming_3038,netflix_8228,0.9
streaming_3039,netflix_9762,1
streaming_304,netflix_15019,1
streaming_3040,netflix_13866,1
streaming_3042,netflix_4746,0.955555556
streaming_3045,netflix_3956,1
streaming_3046,netflix_5045,1
streaming_3047,netflix_11237,1
streaming_3049,netflix_8873,1
streaming_305,netflix_10596,1
streaming_3050,netflix_14827,1
streaming_3052,netflix_6426,1
streaming_3053,netflix_5813,1
streaming_3056,netflix_6924,1
streaming_3057,netflix_4870,1
streaming_3058,netflix_8601,1
streaming_306,netflix_9384,1
streaming_3060,netflix_5800,1
streaming_3062,netflix_5398,1
streaming_3063,netflix_4454,1
streaming_3064,netflix_5348,1
streaming_3065,netflix_7004,1
streaming_3066,netflix_11244,1
streaming_3067,netflix_3451,1
streaming_3069,netflix_8193,1
streaming_307,netflix_15035,1
streaming_3072,netflix_5810,1
streaming_3074,netflix_4963,1
streaming_3076,netflix_3341,1
streaming_3078,netflix_8186,1
streaming_3080,netflix_9880,1
streaming_3081,netflix_5931,1
streaming_3087,netflix_8526,0.794117647
streaming_3088,netflix_5050,0.888888889
streaming_309,netflix_9599,0.923076923
streaming_3091,netflix_6683,1
streaming_3093,netflix_12851,1
streaming_3095,netflix_6375,1
streaming_3096,netflix_6621,1
streaming_3097,netflix_5193,1
streaming_3099,netflix_6888,1
streaming_31,netflix_14418,1
streaming_310,netflix_12237,1
streaming_3103,netflix_10926,1
streaming_3104,netflix_3810,0.941176471
streaming_3106,netflix_8543,0.953488372
streaming_3109,netflix_6135,1
streaming_3111,netflix_7236,1
streaming_3112,netflix_5072,1
streaming_3113,netflix_5635,1
streaming_3114,netflix_4707,1
streaming_312,netflix_6575,1
streaming_3123,netflix_8958,1
streaming_3124,netflix_3656,1
streaming_3125,netflix_13408,1
streaming_3128,netflix_5783,0.96
streaming_313,netflix_3823,1
streaming_3132,netflix_7218,0.909090909
streaming_3135,netflix_6884,1
streaming_3140,netflix_8993,1
streaming_3142,netflix_7243,1
streaming_3146,netflix_13864,1
streaming_3147,netflix_8528,1
streaming_3148,netflix_12654,1
streaming_3149,netflix_5247,1
streaming_315,netflix_6194,0.75
streaming_3150,netflix_7140,1
streaming_3152,netflix_8287,1
streaming_3157,netflix_4011,1
streaming_3158,netflix_6819,1
streaming_3159,netflix_9555,1
streaming_316,netflix_10484,1
streaming_3160,netflix_11455,0.971428571
streaming_3162,netflix_7160,1
streaming_3168,netflix_6437,1
streaming_317,netflix_5651,1
streaming_3170,netflix_8987,0.926829268
streaming_3172,netflix_6608,1
streaming_3173,netflix_5533,1
streaming_3174,netflix_6681,1
streaming_3176,netflix_12926,1
streaming_3179,netflix_12656,1
streaming_318,netflix_10479,1
streaming_3181,netflix_4647,1
streaming_3182,netflix_8173,1
streaming_3183,netflix_8368,1
streaming_3186,netflix_6027,1
streaming_3187,netflix_6914,1
streaming_3189,netflix_4721,1
streaming_319,netflix_7328,1
streaming_3190,netflix_6556,1
streaming_3193,netflix_9639,0.935483871
streaming_3195,netflix_8065,1
streaming_32,netflix_10199,1
streaming_3200,netflix_10002,1
streaming_3201,netflix_7292,0.923076923
streaming_3203,netflix_9291,1
streaming_3204,netflix_8348,0.9375
streaming_3206,netflix_8486,1
streaming_3207,netflix_6609,1
streaming_321,netflix_14713,1
streaming_3210,netflix_12795,1
streaming_3211,netflix_4945,1
streaming_3212,netflix_7179,1
streaming_3213,netflix_5012,1
streaming_3217,netflix_3905,1
streaming_322,netflix_6732,1
streaming_3220,netflix_9602,0.888888889
streaming_3223,netflix_7342,1
streaming_3224,netflix_5041,1
streaming_3227,netflix_5787,1
streaming_3228,netflix_6786,1
streaming_3229,netflix_8350,1
streaming_323,netflix_15167,1
streaming_3230,netflix_7291,1
streaming_3231,netflix_10186,1
streaming_3233,netflix_6770,1
streaming_3234,netflix_8383,1
streaming_3235,netflix_6284,1
streaming_3236,netflix_7895,1
streaming_3238,netflix_7227,1
streaming_324,netflix_11430,1
streaming_3240,netflix_8866,1
streaming_3241,netflix_6534,0.933333333
streaming_3242,netflix_6691,0.964285714
streaming_3243,netflix_8278,1
streaming_3245,netflix_13571,1
streaming_3246,netflix_8525,1
streaming_3247,netflix_4178,1
streaming_3248,netflix_5489,1
streaming_325,netflix_6993,0.714285714
streaming_3250,netflix_6344,1
streaming_3252,netflix_7738,0.928571429
streaming_3253,netflix_6882,1
streaming_3254,netflix_6743,1
streaming_3255,netflix_7164,1
streaming_3256,netflix_3639,1
streaming_3259,netflix_13004,1
streaming_326,netflix_6932,0.958333333
streaming_3262,netflix_9205,1
streaming_3264,netflix_5818,1
streaming_3265,netflix_8392,1
streaming_3271,netflix_8851,1
streaming_3272,netflix_8995,1
streaming_3273,netflix_13017,1
streaming_3278,netflix_8799,1
streaming_3279,netflix_9569,1
streaming_328,netflix_6037,1
streaming_3282,netflix_8988,1
streaming_3283,netflix_9520,1
streaming_3284,netflix_10587,0.96969697
streaming_3286,netflix_13669,1
streaming_3288,netflix_6780,0.958333333
streaming_3291,netflix_6264,1
streaming_3292,netflix_8183,1
streaming_3294,netflix_6687,1
streaming_3295,netflix_5969,1
streaming_3296,netflix_6081,1
streaming_3297,netflix_6190,1
streaming_3298,netflix_6921,1
streaming_3299,netflix_5823,1
streaming_330,netflix_6149,1
streaming_3302,netflix_13022,1
streaming_3306,netflix_9012,0.933333333
streaming_331,netflix_15434,1
streaming_3310,netflix_11631,1
streaming_3311,netflix_13637,0.9375
streaming_3312,netflix_8184,0.884615385
streaming_3313,netflix_8176,0.878787879
streaming_3314,netflix_12856,1
streaming_3315,netflix_3955,1
streaming_3316,netflix_4012,1
streaming_3320,netflix_8202,1
streaming_3323,netflix_4715,1
streaming_3325,netflix_7132,1
streaming_3326,netflix_5487,1
streaming_3327,netflix_6439,1
streaming_3329,netflix_13072,1
streaming_3331,netflix_9038,1
streaming_3333,netflix_12029,1
streaming_3335,netflix_6809,0.888888889
streaming_3336,netflix_7349,1
streaming_3337,netflix_8373,1
streaming_3338,netflix_5784,1
streaming_3339,netflix_10666,1
streaming_334,netflix_9248,1
streaming_3340,netflix_6782,0.947368421
streaming_3342,netflix_9881,1
streaming_3343,netflix_12300,1
streaming_3344,netflix_8220,1
streaming_3346,netflix_5728,1
streaming_3349,netflix_11643,1
streaming_3352,netflix_4926,0.970588235
streaming_3353,netflix_6533,1
streaming_3356,netflix_12273,1
streaming_3358,netflix_8179,1
streaming_3360,netflix_5400,1
streaming_3362,netflix_8369,1
streaming_3363,netflix_12961,1
streaming_3365,netflix_8582,1
streaming_3367,netflix_10076,1
streaming_3368,netflix_6862,1
streaming_337,netflix_9376,1
streaming_3371,netflix_3342,1
streaming_3373,netflix_5011,1
streaming_3375,netflix_6028,1
streaming_3376,netflix_4573,1
streaming_3379,netflix_8214,1
streaming_338,netflix_9287,1
streaming_3381,netflix_12801,1
streaming_3383,netflix_7925,1
streaming_3385,netflix_5850,0.941176471
streaming_3386,netflix_5828,1
streaming_3388,netflix_12891,1
streaming_3389,netflix_8194,0.714285714
streaming_3394,netflix_7350,1
streaming_3395,netflix_8153,1
streaming_3396,netflix_5212,1
streaming_3397,netflix_9879,0.923076923
streaming_3398,netflix_7152,1
streaming_34,netflix_9811,1
streaming_340,netflix_13815,1
streaming_3403,netflix_5017,1
streaming_3407,netflix_9367,1
streaming_3408,netflix_9339,1
streaming_3410,netflix_3805,1
streaming_3414,netflix_4954,1
streaming_3415,netflix_7143,1
streaming_3418,netflix_8729,1
streaming_342,netflix_11267,1
streaming_3420,netflix_9005,1
streaming_3423,netflix_9557,1
streaming_3424,netflix_8379,1
streaming_3425,netflix_6435,1
streaming_3427,netflix_8378,1
streaming_3428,netflix_7345,1
streaming_3433,netflix_6258,1
streaming_3434,netflix_6085,1
streaming_3437,netflix_5513,1
streaming_3438,netflix_8345,1
streaming_344,netflix_9202,1
streaming_3441,netflix_10668,1
streaming_3442,netflix_14877,0.764705882
streaming_3443,netflix_3858,1
streaming_3444,netflix_9680,1
streaming_3445,netflix_8374,1
streaming_3447,netflix_12894,0.75
streaming_3449,netflix_4008,1
streaming_3450,netflix_8016,1
streaming_3451,netflix_12793,1
streaming_3452,netflix_3345,1
streaming_3453,netflix_13586,1
streaming_3454,netflix_7453,1
streaming_3456,netflix_8362,0.9375
streaming_3459,netflix_5450,0.9375
streaming_3462,netflix_6885,1
streaming_3463,netflix_3384,0.964285714
streaming_3466,netflix_3292,1
streaming_348,netflix_8265,0.962962963
streaming_3480,netflix_5785,1
streaming_3481,netflix_9567,1
streaming_3489,netflix_5782,1
streaming_349,netflix_8397,1
streaming_3493,netflix_12690,1
streaming_3495,netflix_13158,1
streaming_35,netflix_4516,1
streaming_350,netflix_9498,1
streaming_351,netflix_8417,1
streaming_3511,netflix_7224,1
streaming_3515,netflix_6459,1
streaming_3527,netflix_10237,1
streaming_353,netflix_12090,1
streaming_3533,netflix_3794,1
streaming_3534,netflix_8384,1
streaming_354,netflix_11574,1
streaming_3541,netflix_8644,0.928571429
streaming_355,netflix_8743,1
streaming_3559,netflix_8570,1
streaming_356,netflix_6622,1
streaming_3560,netflix_14478,1
streaming_3561,netflix_14356,1
streaming_3562,netflix_1594,1
streaming_3564,netflix_10860,1
streaming_3565,netflix_14480,1
streaming_3568,netflix_14976,1
streaming_3569,netflix_6396,1
streaming_357,netflix_6799,1
streaming_3572,netflix_14658,1
streaming_3573,netflix_14065,1
streaming_3574,netflix_14524,1
streaming_3575,netflix_10494,1
streaming_3579,netflix_13352,1
streaming_358,netflix_15457,1
streaming_3581,netflix_8628,1
streaming_3584,netflix_5463,1
streaming_3585,netflix_14753,1
streaming_3586,netflix_14724,1
streaming_3587,netflix_4466,1
streaming_359,netflix_11148,1
streaming_3590,netflix_3804,1
streaming_3591,netflix_5517,1
streaming_3592,netflix_14788,1
streaming_3593,netflix_5523,1
streaming_3595,netflix_8822,1
streaming_3599,netflix_4208,1
streaming_36,netflix_14611,1
streaming_3600,netflix_5170,1
streaming_3601,netflix_14590,1
streaming_3602,netflix_5063,1
streaming_3606,netflix_15313,1
streaming_3607,netflix_14629,1
streaming_3608,netflix_5329,1
streaming_3609,netflix_5248,1
streaming_3610,netflix_5328,1
streaming_3611,netflix_8861,1
streaming_3612,netflix_14613,1
streaming_3615,netflix_783,1
streaming_3616,netflix_14423,1
streaming_3618,netflix_13614,1
streaming_362,netflix_6242,1
streaming_3630,netflix_4944,1
streaming_3631,netflix_13889,1
streaming_3633,netflix_5147,1
streaming_3635,netflix_5943,1
streaming_3637,netflix_4007,1
streaming_3638,netflix_5059,1
streaming_3641,netflix_4896,1
streaming_3649,netflix_8463,1
streaming_365,netflix_6640,1
streaming_3650,netflix_940,1
streaming_3652,netflix_3294,1
streaming_3653,netflix_1814,1
streaming_3657,netflix_1675,1
streaming_3658,netflix_15265,1
streaming_366,netflix_15382,1
streaming_3661,netflix_11675,1
streaming_3662,netflix_5418,1
streaming_3665,netflix_15420,1
streaming_3666,netflix_9314,1
streaming_3668,netflix_5553,1
streaming_3669,netflix_1454,1
streaming_367,netflix_9541,1
streaming_3671,netflix_13253,1
streaming_3672,netflix_14435,1
streaming_3673,netflix_13790,1
streaming_3674,netflix_12421,0.909090909
streaming_3676,netflix_678,1
streaming_3679,netflix_7240,1
streaming_3680,netflix_15037,1
streaming_3681,netflix_4346,1
streaming_3682,netflix_8945,1
streaming_3685,netflix_4099,1
streaming_3688,netflix_3623,1
streaming_369,netflix_14018,0.894736842
streaming_3691,netflix_12325,1
streaming_3692,netflix_10345,1
streaming_3695,netflix_8923,0.930232558
streaming_3696,netflix_11168,1
streaming_3699,netflix_13739,1
streaming_37,netflix_14282,1
streaming_370,netflix_7323,0.823529412
streaming_3704,netflix_5672,1
streaming_3706,netflix_2128,1
streaming_3709,netflix_3126,1
streaming_371,netflix_4325,1
streaming_3713,netflix_14804,0.9
streaming_3718,netflix_8926,1
streaming_3719,netflix_15114,1
streaming_3724,netflix_6200,1
streaming_3726,netflix_4227,1
streaming_3729,netflix_14705,1
streaming_373,netflix_6897,0.916666667
streaming_3730,netflix_5526,1
streaming_3731,netflix_11530,0.933333333
streaming_3732,netflix_14785,1
streaming_3733,netflix_8400,1
streaming_3737,netflix_7019,1
streaming_374,netflix_7165,1
streaming_3741,netflix_6489,1
streaming_3744,netflix_7363,1
streaming_3749,netflix_14682,1
streaming_375,netflix_9700,1
streaming_3756,netflix_5941,1
streaming_3759,netflix_3468,1
streaming_376,netflix_12195,1
streaming_3763,netflix_6423,1
streaming_3772,netflix_13870,0.764705882
streaming_3775,netflix_5552,1
streaming_3776,netflix_8774,1
streaming_3777,netflix_14798,1
streaming_3783,netflix_14320,1
streaming_3791,netflix_13762,0.714285714
streaming_3792,netflix_15088,1
streaming_3794,netflix_15348,1
streaming_380,netflix_11161,1
streaming_3803,netflix_4226,1
streaming_3804,netflix_11596,1
streaming_3809,netflix_5464,1
streaming_381,netflix_10591,1
streaming_3810,netflix_11351,1
streaming_3812,netflix_1133,1
streaming_3812,netflix_8492,1
streaming_3817,netflix_51,1
streaming_3824,netflix_14809,1
streaming_3825,netflix_1855,1
streaming_3826,netflix_2089,1
streaming_3827,netflix_15086,1
streaming_383,netflix_10583,1
streaming_3830,netflix_6848,1
streaming_3834,netflix_12348,1
streaming_3838,netflix_14266,1
streaming_384,netflix_9409,1
streaming_385,netflix_5656,1
streaming_3854,netflix_424,1
streaming_386,netflix_6891,1
streaming_3860,netflix_4003,1
streaming_3865,netflix_11656,1
streaming_3868,netflix_14687,1
streaming_387,netflix_15192,1
streaming_3871,netflix_11137,1
streaming_3873,netflix_12367,1
streaming_3875,netflix_8619,1
streaming_388,netflix_14702,1
streaming_3881,netflix_6664,1
streaming_3883,netflix_8213,1
streaming_3895,netflix_12370,1
streaming_3896,netflix_5160,0.777777778
streaming_39,netflix_14678,0.958333333
streaming_3903,netflix_12235,1
streaming_3906,netflix_9078,1
streaming_3908,netflix_1511,1
streaming_391,netflix_10424,1
streaming_3917,netflix_1984,0.75
streaming_3919,netflix_4050,1
streaming_3923,netflix_4104,1
streaming_3925,netflix_1079,1
streaming_3926,netflix_5278,1
streaming_393,netflix_14437,1
streaming_3932,netflix_12450,0.966666667
streaming_394,netflix_3536,1
streaming_3941,netflix_5923,1
streaming_395,netflix_4001,1
streaming_3950,netflix_4840,1
streaming_3955,netflix_14033,1
streaming_3958,netflix_4841,1
streaming_396,netflix_13564,1
streaming_3962,netflix_1914,1
streaming_3968,netflix_13946,1
streaming_3969,netflix_15402,1
streaming_397,netflix_13933,1
streaming_3988,netflix_1876,1
streaming_399,netflix_9944,1
streaming_3990,netflix_15226,1
streaming_3995,netflix_15264,1
streaming_3996,netflix_12438,1
streaming_3997,netflix_4969,1
streaming_40,netflix_14709,1
streaming_400,netflix_8448,1
streaming_4003,netflix_8557,1
streaming_4004,netflix_3920,1
streaming_4007,netflix_6008,1
streaming_401,netflix_14615,0.954545455
streaming_4014,netflix_7012,1
streaming_4017,netflix_6711,1
streaming_4021,netflix_14376,1
streaming_4024,netflix_3543,1
streaming_4026,netflix_6941,1
streaming_4029,netflix_15366,1
streaming_403,netflix_9258,1
streaming_4032,netflix_5926,1
streaming_4037,netflix_183,1
streaming_404,netflix_13778,1
streaming_4042,netflix_13918,0.823529412
streaming_4047,netflix_13877,1
streaming_405,netflix_8703,1
streaming_4050,netflix_15423,1
streaming_4052,netflix_4176,1
streaming_4055,netflix_5220,1
streaming_406,netflix_4298,1
streaming_4068,netflix_15371,1
streaming_4070,netflix_6793,1
streaming_4076,netflix_4967,1
streaming_408,netflix_4670,1
streaming_4088,netflix_3428,1
streaming_4089,netflix_963,1
streaming_409,netflix_7181,1
streaming_4091,netflix_5189,0.923076923
streaming_4093,netflix_9355,1
streaming_4096,netflix_7324,1
streaming_41,netflix_10675,1
streaming_410,netflix_9061,1
streaming_4103,netflix_15227,1
streaming_411,netflix_10867,1
streaming_412,netflix_14251,0.952380952
streaming_4127,netflix_12374,1
streaming_413,netflix_6309,1
streaming_4131,netflix_9021,0.714285714
streaming_4147,netflix_5706,1
streaming_415,netflix_9474,1
streaming_4159,netflix_8814,1
streaming_4160,netflix_7144,1
streaming_4164,netflix_9331,1
streaming_4166,netflix_1350,1
streaming_4172,netflix_6221,1
streaming_4179,netflix_4396,1
streaming_418,netflix_11532,1
streaming_4181,netflix_9428,0.727272727
streaming_4188,netflix_11613,1
streaming_4191,netflix_5676,1
streaming_4195,netflix_4695,1
streaming_4199,netflix_3399,1
streaming_42,netflix_1747,1
streaming_4213,netflix_3830,1
streaming_425,netflix_7248,1
streaming_4258,netflix_5793,1
streaming_4259,netflix_550,1
streaming_426,netflix_6754,1
streaming_427,netflix_10677,1
streaming_428,netflix_6912,1
streaming_4282,netflix_10022,1
streaming_429,netflix_12642,1
streaming_43,netflix_15018,1
streaming_430,netflix_8742,1
streaming_4302,netflix_5429,1
streaming_431,netflix_11677,1
streaming_4311,netflix_3763,1
streaming_4327,netflix_9043,1
streaming_434,netflix_10028,1
streaming_435,netflix_3651,1
streaming_4357,netflix_4638,1
streaming_436,netflix_11825,1
streaming_4364,netflix_4677,1
streaming_437,netflix_9485,1
streaming_4378,netflix_8921,1
streaming_438,netflix_15308,1
streaming_439,netflix_11475,1
streaming_44,netflix_12106,1
streaming_4417,netflix_5472,0.75
streaming_442,netflix_14691,1
streaming_444,netflix_6831,0.931034483
streaming_4442,netflix_14756,1
streaming_4444,netflix_9464,1
streaming_4445,netflix_13714,0.933333333
streaming_4447,netflix_8457,1
streaming_4448,netflix_12351,1
streaming_4448,netflix_5389,1
streaming_445,netflix_6895,1
streaming_4450,netflix_5474,1
streaming_4451,netflix_7099,1
streaming_4452,netflix_12222,1
streaming_446,netflix_5117,1
streaming_4461,netflix_8465,1
streaming_4462,netflix_14815,1
streaming_4463,netflix_14901,1
streaming_4464,netflix_1449,1
streaming_447,netflix_12554,1
streaming_4474,netflix_6090,1
streaming_4475,netflix_6176,1
streaming_4477,netflix_14138,1
streaming_448,netflix_3809,0.974358974
streaming_4482,netflix_9187,1
streaming_4484,netflix_5893,1
streaming_449,netflix_14955,1
streaming_4492,netflix_11503,1
streaming_4495,netflix_12444,1
streaming_4496,netflix_11036,1
streaming_45,netflix_11133,1
streaming_450,netflix_5981,1
streaming_4501,netflix_4313,1
streaming_4503,netflix_5161,1
streaming_451,netflix_12545,1
streaming_4510,netflix_15393,1
streaming_4511,netflix_3300,1
streaming_4513,netflix_13934,0.952380952
streaming_4517,netflix_5556,1
streaming_4519,netflix_1331,1
streaming_452,netflix_8527,1
streaming_4523,netflix_13460,1
streaming_4529,netflix_5640,1
streaming_453,netflix_3769,1
streaming_4534,netflix_9711,1
streaming_4539,netflix_6986,1
streaming_454,netflix_9385,1
streaming_4542,netflix_9704,1
streaming_4553,netflix_6418,1
streaming_4556,netflix_10314,1
streaming_4559,netflix_4219,1
streaming_4564,netflix_14824,1
streaming_4568,netflix_4207,1
streaming_457,netflix_13672,1
streaming_4573,netflix_4881,0.785714286
streaming_4579,netflix_3122,1
streaming_458,netflix_5632,1
streaming_46,netflix_15028,1
streaming_4602,netflix_10050,1
streaming_4605,netflix_11764,1
streaming_4609,netflix_15349,1
streaming_4616,netflix_12243,1
streaming_462,netflix_12315,1
streaming_4627,netflix_11988,1
streaming_4629,netflix_3785,1
streaming_4629,netflix_9859,1
streaming_463,netflix_15449,1
streaming_4635,netflix_7079,1
streaming_4637,netflix_5954,1
streaming_464,netflix_3392,1
streaming_4644,netflix_7246,1
streaming_4648,netflix_5454,1
streaming_465,netflix_3533,1
streaming_4657,netflix_3893,1
streaming_466,netflix_11394,1
streaming_467,netflix_12472,1
streaming_468,netflix_4753,1
streaming_4680,netflix_3195,1
streaming_4683,netflix_10912,1
streaming_4685,netflix_12145,1
streaming_469,netflix_5469,0.851851852
streaming_4707,netflix_14958,1
streaming_4708,netflix_3324,1
streaming_4708,netflix_5916,1
streaming_471,netflix_1400,1
streaming_471,netflix_14556,1
streaming_4711,netflix_12539,1
streaming_472,netflix_15082,1
streaming_4723,netflix_1153,1
streaming_4730,netflix_6749,1
streaming_4732,netflix_14456,1
streaming_4733,netflix_3498,1
streaming_4741,netflix_4386,1
streaming_4752,netflix_10009,1
streaming_476,netflix_7301,1
streaming_4760,netflix_11460,1
streaming_4767,netflix_8935,1
streaming_477,netflix_11913,1
streaming_4771,netflix_4042,1
streaming_4780,netflix_9496,1
streaming_4784,netflix_8432,1
streaming_479,netflix_13379,1
streaming_4790,netflix_9139,1
streaming_48,netflix_12030,1
streaming_480,netflix_8487,1
streaming_4816,netflix_12045,0.761904762
streaming_4819,netflix_8691,1
streaming_482,netflix_8303,1
streaming_483,netflix_3817,1
streaming_4837,netflix_10245,1
streaming_4846,netflix_12511,1
streaming_485,netflix_11971,1
streaming_4857,netflix_4331,1
streaming_4859,netflix_11422,1
streaming_486,netflix_13555,1
streaming_4861,netflix_14019,0.882352941
streaming_4867,netflix_10630,1
streaming_4873,netflix_5116,1
streaming_488,netflix_15052,1
streaming_489,netflix_14649,1
streaming_4892,netflix_13597,1
streaming_490,netflix_14740,1
streaming_4911,netflix_10259,1
streaming_4911,netflix_8780,1
streaming_492,netflix_6151,1
streaming_4920,netflix_7713,1
streaming_493,netflix_14340,0.962962963
streaming_4942,netflix_13896,1
streaming_4944,netflix_4384,1
streaming_4946,netflix_9151,1
streaming_4951,netflix_349,1
streaming_4952,netflix_15176,1
streaming_496,netflix_6973,1
streaming_498,netflix_7194,1
streaming_4983,netflix_13747,0.928571429
streaming_499,netflix_10893,1
streaming_5,netflix_5340,1
streaming_50,netflix_11195,1
streaming_500,netflix_9004,1
streaming_5003,netflix_1660,0.769230769
streaming_501,netflix_6207,1
streaming_502,netflix_14074,1
streaming_5021,netflix_13418,1
streaming_5022,netflix_15116,1
streaming_503,netflix_5110,0.96969697
streaming_505,netflix_10412,1
streaming_506,netflix_14299,1
streaming_508,netflix_6699,1
streaming_5088,netflix_8545,0.923076923
streaming_509,netflix_9593,1
streaming_510,netflix_5519,1
streaming_5101,netflix_9551,1
streaming_5106,netflix_11466,1
streaming_5107,netflix_6111,1
streaming_511,netflix_14731,1
streaming_513,netflix_8221,1
streaming_5134,netflix_3556,0.769230769
streaming_515,netflix_14701,1
streaming_5156,netflix_1166,0.75
streaming_516,netflix_6977,1
streaming_5167,netflix_2169,1
streaming_5169,netflix_13772,1
streaming_5170,netflix_6320,1
streaming_5172,netflix_12319,1
streaming_5175,netflix_1649,1
streaming_5181,netflix_13311,1
streaming_5186,netflix_14690,1
streaming_519,netflix_5709,1
streaming_52,netflix_9913,1
streaming_520,netflix_10258,0.9375
streaming_5201,netflix_4920,1
streaming_521,netflix_8358,1
streaming_5210,netflix_11947,1
streaming_522,netflix_7105,1
streaming_523,netflix_3772,1
streaming_5231,netflix_6045,1
streaming_524,netflix_9617,1
streaming_5242,netflix_13793,1
streaming_5254,netflix_73,1
streaming_527,netflix_9800,1
streaming_5271,netflix_14861,0.785714286
streaming_5274,netflix_5789,1
streaming_529,netflix_6171,1
streaming_53,netflix_14811,1
streaming_530,netflix_9306,1
streaming_5307,netflix_6651,1
streaming_5316,netflix_3644,1
streaming_5319,netflix_14574,1
streaming_532,netflix_6624,1
streaming_533,netflix_6984,1
streaming_5338,netflix_6246,1
streaming_534,netflix_14452,1
streaming_5344,netflix_6324,1
streaming_535,netflix_14712,1
streaming_5366,netflix_11307,1
streaming_537,netflix_9241,0.846153846
streaming_5376,netflix_4961,1
streaming_5382,netflix_12591,1
streaming_5389,netflix_14062,1
streaming_5391,netflix_11075,1
streaming_54,netflix_15303,1
streaming_541,netflix_6192,1
streaming_542,netflix_6328,1
streaming_5422,netflix_5599,1
streaming_5429,netflix_8480,1
streaming_544,netflix_12254,1
streaming_545,netflix_9391,1
streaming_5455,netflix_1187,1
streaming_5456,netflix_10898,0.956521739
streaming_5457,netflix_1557,0.75
streaming_546,netflix_3661,1
streaming_5460,netflix_12055,0.75
streaming_5464,netflix_5773,1
streaming_5468,netflix_5634,1
streaming_547,netflix_5878,1
streaming_5483,netflix_9969,1
streaming_5486,netflix_9445,1
streaming_549,netflix_13259,0.941176471
streaming_5491,netflix_13679,0.823529412
streaming_5496,netflix_14906,1
streaming_551,netflix_13546,1
streaming_5514,netflix_14247,1
streaming_5518,netflix_9020,1
streaming_5524,netflix_1012,1
streaming_5524,netflix_11224,1
streaming_553,netflix_9313,1
streaming_5537,netflix_8471,0.851851852
streaming_554,netflix_14515,1
streaming_5541,netflix_13627,1
streaming_555,netflix_3872,1
streaming_556,netflix_9649,1
streaming_5589,netflix_15305,1
streaming_559,netflix_5119,1
streaming_56,netflix_14463,1
streaming_5603,netflix_5613,1
streaming_5612,netflix_8899,1
streaming_5621,netflix_8561,1
streaming_563,netflix_8295,1
streaming_564,netflix_13647,1
streaming_5647,netflix_9852,1
streaming_565,netflix_14914,1
streaming_5651,netflix_5000,1
streaming_566,netflix_9501,1
streaming_5663,netflix_6655,1
streaming_5682,netflix_11699,1
streaming_57,netflix_8860,1
streaming_5700,netflix_13590,1
streaming_5702,netflix_941,1
streaming_5716,netflix_14228,1
streaming_572,netflix_151,1
streaming_572,netflix_5466,1
streaming_573,netflix_4752,1
streaming_5733,netflix_3544,1
streaming_575,netflix_11427,1
streaming_576,netflix_7229,1
streaming_577,netflix_13508,1
streaming_580,netflix_5411,1
streaming_581,netflix_10958,1
streaming_5824,netflix_12387,1
streaming_5828,netflix_11239,1
streaming_583,netflix_6619,0.875
streaming_5831,netflix_8941,0.733333333
streaming_584,netflix_11967,1
streaming_5842,netflix_13643,1
streaming_5844,netflix_646,1
streaming_5853,netflix_6910,1
streaming_5854,netflix_13874,1
streaming_587,netflix_6716,1
streaming_5871,netflix_9466,1
streaming_5872,netflix_8476,1
streaming_5884,netflix_9827,1
streaming_59,netflix_14652,1
streaming_590,netflix_12311,1
streaming_591,netflix_4035,1
streaming_5912,netflix_11371,1
streaming_593,netflix_15123,1
streaming_5930,netflix_9292,1
streaming_594,netflix_8720,1
streaming_595,netflix_4604,1
streaming_5971,netflix_5399,1
streaming_5974,netflix_13568,1
streaming_598,netflix_8788,1
streaming_5989,netflix_10413,0.947368421
streaming_599,netflix_7282,1
streaming_5990,netflix_10744,1
streaming_600,netflix_15184,1
streaming_601,netflix_11359,1
streaming_6014,netflix_6661,1
streaming_6016,netflix_13886,1
streaming_6027,netflix_6046,1
streaming_603,netflix_13786,1
streaming_6036,netflix_14989,1
streaming_6045,netflix_3211,1
streaming_6048,netflix_13883,1
streaming_605,netflix_4284,1
streaming_6051,netflix_11729,1
streaming_606,netflix_4487,1
streaming_6069,netflix_11035,1
streaming_607,netflix_12260,1
streaming_6077,netflix_9712,1
streaming_6079,netflix_11644,1
streaming_608,netflix_6874,1
streaming_61,netflix_13366,1
streaming_611,netflix_6794,1
streaming_6111,netflix_10696,1
streaming_6119,netflix_5481,1
streaming_612,netflix_12312,1
streaming_6120,netflix_10371,1
streaming_6129,netflix_14406,1
streaming_614,netflix_12246,1
streaming_6144,netflix_12425,1
streaming_615,netflix_14316,1
streaming_616,netflix_7239,1
streaming_6178,netflix_10417,1
streaming_618,netflix_9903,1
streaming_619,netflix_11814,0.777777778
streaming_6194,netflix_11254,0.8
streaming_6199,netflix_13913,0.95
streaming_62,netflix_14796,1
streaming_620,netflix_6870,1
streaming_621,netflix_6829,1
streaming_6212,netflix_9825,1
streaming_622,netflix_12143,1
streaming_624,netflix_9330,1
streaming_6245,netflix_14663,1
streaming_625,netflix_6707,1
streaming_6255,netflix_9268,0.722222222
streaming_6272,netflix_4277,1
streaming_629,netflix_5254,1
streaming_6292,netflix_11943,0.95
streaming_632,netflix_7193,1
streaming_6323,netflix_155,1
streaming_6333,netflix_13821,1
streaming_635,netflix_11298,1
streaming_6350,netflix_9503,1
streaming_6359,netflix_12017,1
streaming_637,netflix_8990,1
streaming_6371,netflix_3929,1
streaming_638,netflix_15050,1
streaming_639,netflix_15161,1
streaming_64,netflix_14265,1
streaming_640,netflix_12887,1
streaming_641,netflix_13829,1
streaming_6423,netflix_13964,1
streaming_643,netflix_4889,1
streaming_6432,netflix_10833,1
streaming_6438,netflix_9433,1
streaming_644,netflix_14026,1
streaming_646,netflix_8975,1
streaming_6462,netflix_41,1
streaming_647,netflix_9194,1
streaming_648,netflix_10852,1
streaming_6486,netflix_14963,0.727272727
streaming_649,netflix_15358,1
streaming_6497,netflix_13779,1
streaming_6498,netflix_10885,0.8
streaming_6500,netflix_2107,1
streaming_6503,netflix_9421,0.777777778
streaming_651,netflix_8940,1
streaming_6524,netflix_1226,0.714285714
streaming_653,netflix_11769,1
streaming_654,netflix_13726,1
streaming_6562,netflix_3618,1
streaming_6564,netflix_668,1
streaming_6569,netflix_7267,1
streaming_658,netflix_14851,1
streaming_659,netflix_7145,1
streaming_6593,netflix_13996,1
streaming_6599,netflix_8210,1
streaming_660,netflix_5827,1
streaming_661,netflix_5765,1
streaming_6611,netflix_11531,1
streaming_662,netflix_9996,1
streaming_6625,netflix_1623,1
streaming_663,netflix_13657,1
streaming_664,netflix_4560,1
streaming_6641,netflix_10111,1
streaming_665,netflix_10354,1
streaming_6666,netflix_9768,1
streaming_667,netflix_9065,1
streaming_6671,netflix_4900,1
streaming_6679,netflix_11847,1
streaming_6681,netflix_6730,1
streaming_6690,netflix_14004,1
streaming_6692,netflix_9565,0.75
streaming_6693,netflix_12018,1
streaming_67,netflix_15262,1
streaming_670,netflix_6753,1
streaming_6707,netflix_11818,1
streaming_672,netflix_8356,1
streaming_6722,netflix_9781,1
streaming_6753,netflix_12371,1
streaming_676,netflix_15430,1
streaming_6769,netflix_13445,0.777777778
streaming_677,netflix_5986,0.967741935
streaming_6775,netflix_11483,1
streaming_678,netflix_10532,1
streaming_6784,netflix_8444,1
streaming_679,netflix_15090,1
streaming_68,netflix_4751,1
streaming_680,netflix_13634,1
streaming_6812,netflix_6219,1
streaming_682,netflix_11473,0.952380952
streaming_6821,netflix_14754,1
streaming_6826,netflix_12433,0.857142857
streaming_684,netflix_9527,1
streaming_6847,netflix_15075,0.714285714
streaming_6848,netflix_9083,1
streaming_685,netflix_8939,1
streaming_6852,netflix_9149,0.75
streaming_6856,netflix_12568,1
streaming_686,netflix_6611,1
streaming_687,netflix_11934,1
streaming_688,netflix_5182,1
streaming_6895,netflix_9127,1
streaming_6903,netflix_1168,0.733333333
streaming_6905,netflix_12307,1
streaming_691,netflix_3889,1
streaming_6926,netflix_6311,1
streaming_693,netflix_9368,1
streaming_694,netflix_11916,1
streaming_695,netflix_8929,1
streaming_697,netflix_3480,1
streaming_6978,netflix_1305,1
streaming_699,netflix_13804,1
streaming_7,netflix_14419,1
streaming_701,netflix_14287,1
streaming_702,netflix_12303,1
streaming_703,netflix_7344,1
streaming_7047,netflix_12305,1
streaming_705,netflix_9277,1
streaming_7056,netflix_13721,1
streaming_7056,netflix_1927,1
streaming_706,netflix_13449,1
streaming_707,netflix_8410,1
streaming_7081,netflix_13768,1
streaming_7087,netflix_4513,1
streaming_71,netflix_15117,1
streaming_712,netflix_11000,1
streaming_713,netflix_10228,1
streaming_7130,netflix_14313,0.764705882
streaming_7136,netflix_8246,1
streaming_714,netflix_8512,1
streaming_7150,netflix_5392,1
streaming_7165,netflix_6825,1
streaming_7167,netflix_7271,1
streaming_717,netflix_10200,0.93877551
streaming_719,netflix_8772,1
streaming_720,netflix_5760,1
streaming_7208,netflix_10269,1
streaming_721,netflix_15045,1
streaming_722,netflix_8430,0.9375
streaming_723,netflix_6231,1
streaming_7236,netflix_364,1
streaming_724,netflix_14722,1
streaming_725,netflix_13769,1
streaming_7261,netflix_6843,1
streaming_727,netflix_7184,1
streaming_728,netflix_4326,1
streaming_729,netflix_15112,1
streaming_73,netflix_12410,1
streaming_730,netflix_13473,1
streaming_7307,netflix_12597,0.8
streaming_7318,netflix_10707,1
streaming_733,netflix_8599,1
streaming_7338,netflix_13593,1
streaming_734,netflix_5574,1
streaming_735,netflix_6701,1
streaming_736,netflix_14008,1
streaming_737,netflix_10007,1
streaming_738,netflix_4285,1
streaming_7383,netflix_9947,1
streaming_7384,netflix_11848,1
streaming_739,netflix_9335,1
streaming_741,netflix_9902,1
streaming_7418,netflix_3495,1
streaming_743,netflix_8372,1
streaming_745,netflix_11854,1
streaming_7452,netflix_4510,1
streaming_746,netflix_8802,1
streaming_7467,netflix_11550,0.772727273
streaming_747,netflix_5114,1
streaming_748,netflix_6003,1
streaming_7495,netflix_10360,1
streaming_75,netflix_14058,1
streaming_750,netflix_8612,1
streaming_751,netflix_10072,1
streaming_7520,netflix_7109,0.909090909
streaming_753,netflix_3388,1
streaming_754,netflix_11002,1
streaming_755,netflix_14605,1
streaming_756,netflix_6117,1
streaming_757,netflix_12295,1
streaming_758,netflix_6282,1
streaming_760,netflix_7155,1
streaming_761,netflix_9419,1
streaming_762,netflix_12446,1
streaming_763,netflix_6331,1
streaming_764,netflix_8949,1
streaming_766,netflix_7249,1
streaming_767,netflix_8288,1
streaming_7670,netflix_2374,1
streaming_7685,netflix_9055,1
streaming_7686,netflix_11812,1
streaming_770,netflix_6771,1
streaming_7707,netflix_11739,1
streaming_7709,netflix_15125,1
streaming_771,netflix_5073,1
streaming_7715,netflix_1131,1
streaming_7718,netflix_3646,1
streaming_772,netflix_6911,1
streaming_773,netflix_11694,1
streaming_774,netflix_3673,1
streaming_7747,netflix_6001,1
streaming_7749,netflix_11365,0.714285714
streaming_775,netflix_12590,1
streaming_776,netflix_15109,1
streaming_778,netflix_6497,1
streaming_779,netflix_6245,1
streaming_78,netflix_13754,1
streaming_780,netflix_10083,1
streaming_781,netflix_3499,1
streaming_782,netflix_11374,1
streaming_783,netflix_14616,1
streaming_7833,netflix_14770,1
streaming_7833,netflix_1589,1
streaming_7852,netflix_5570,0.75
streaming_786,netflix_9262,1
streaming_788,netflix_14670,1
streaming_789,netflix_15043,0.975609756
streaming_79,netflix_9855,1
streaming_790,netflix_3596,1
streaming_7907,netflix_3919,1
streaming_791,netflix_4478,1
streaming_7918,netflix_12102,0.760869565
streaming_792,netflix_14947,1
streaming_7925,netflix_6401,1
streaming_794,netflix_13514,1
streaming_7949,netflix_1307,0.705882353
streaming_795,netflix_8793,1
streaming_796,netflix_7158,1
streaming_7966,netflix_9381,1
streaming_798,netflix_3886,1
streaming_799,netflix_8606,1
streaming_800,netflix_9041,1
streaming_801,netflix_9863,1
streaming_8010,netflix_9215,1
streaming_803,netflix_4289,1
streaming_805,netflix_10616,1
streaming_806,netflix_11776,1
streaming_8066,netflix_462,1
streaming_8078,netflix_1937,1
streaming_809,netflix_11788,1
streaming_810,netflix_6157,1
streaming_8112,netflix_9514,1
streaming_814,netflix_15320,1
streaming_815,netflix_5790,1
streaming_816,netflix_9299,1
streaming_817,netflix_6394,1
streaming_8176,netflix_5761,1
streaming_818,netflix_12893,1
streaming_819,netflix_13599,1
streaming_82,netflix_14192,1
streaming_821,netflix_13498,1
streaming_824,netflix_14849,1
streaming_8240,netflix_6317,1
streaming_826,netflix_9227,1
streaming_8262,netflix_589,1
streaming_83,netflix_14289,1
streaming_830,netflix_11939,1
streaming_8302,netflix_4228,1
streaming_8308,netflix_6430,1
streaming_831,netflix_15329,1
streaming_832,netflix_8592,1
streaming_8324,netflix_10526,1
streaming_8332,netflix_3906,1
streaming_8366,netflix_11034,1
streaming_8377,netflix_5349,1
streaming_838,netflix_7228,1
streaming_839,netflix_12556,1
streaming_8390,netflix_11774,0.777777778
streaming_8391,netflix_5465,1
streaming_84,netflix_4229,1
streaming_843,netflix_10152,1
streaming_844,netflix_4698,1
streaming_848,netflix_10951,0.952380952
streaming_8484,netflix_5655,1
streaming_8487,netflix_1654,0.727272727
streaming_8488,netflix_6325,1
streaming_85,netflix_14297,1
streaming_850,netflix_9909,1
streaming_851,netflix_8739,1
streaming_852,netflix_3672,1
streaming_8530,netflix_11623,1
streaming_855,netflix_10247,1
streaming_856,netflix_5205,1
streaming_857,netflix_11713,1
streaming_8570,netflix_7339,0.944444444
streaming_8578,netflix_12212,1
streaming_858,netflix_10523,1
streaming_859,netflix_11796,1
streaming_8596,netflix_5922,1
streaming_86,netflix_8672,1
streaming_860,netflix_14253,1
streaming_861,netflix_13953,1
streaming_8616,netflix_11898,0.75
streaming_862,netflix_8604,1
streaming_863,netflix_13523,1
streaming_864,netflix_4898,1
streaming_8667,netflix_11370,1
streaming_867,netflix_8509,1
streaming_869,netflix_8366,1
streaming_87,netflix_10862,1
streaming_870,netflix_7319,0.909090909
streaming_871,netflix_6393,1
streaming_8724,netflix_1676,1
streaming_8731,netflix_5604,1
streaming_874,netflix_11901,1
streaming_877,netflix_4086,1
streaming_878,netflix_5975,1
streaming_880,netflix_9584,0.944444444
streaming_881,netflix_10631,1
streaming_882,netflix_12487,1
streaming_883,netflix_6424,0.972972973
streaming_884,netflix_11561,1
streaming_8852,netflix_9058,1
streaming_887,netflix_7139,1
streaming_889,netflix_4693,1
streaming_8897,netflix_13426,1
streaming_89,netflix_6070,1
streaming_8902,netflix_8462,1
streaming_891,netflix_8634,1
streaming_892,netflix_12484,1
streaming_893,netflix_11543,1
streaming_895,netflix_8953,1
streaming_8954,netflix_5153,0.961538462
streaming_896,netflix_13621,1
streaming_898,netflix_8880,0.75
streaming_8989,netflix_2124,1
streaming_899,netflix_11899,1
streaming_9,netflix_14751,1
streaming_90,netflix_4660,1
streaming_900,netflix_14565,1
streaming_903,netflix_6679,0.75
streaming_904,netflix_8682,1
streaming_905,netflix_3760,1
streaming_906,netflix_5681,1
streaming_907,netflix_6976,1
streaming_9096,netflix_9586,1
streaming_910,netflix_11461,1
streaming_911,netflix_9316,1
streaming_914,netflix_7264,1
streaming_915,netflix_6913,1
streaming_916,netflix_5753,1
streaming_918,netflix_11688,1
streaming_920,netflix_8660,1
streaming_922,netflix_5766,1
streaming_923,netflix_8635,0.975
streaming_9248,netflix_4328,0.705882353
streaming_925,netflix_10943,1
streaming_9256,netflix_627,0.8
streaming_926,netflix_11225,1
streaming_927,netflix_8530,1
streaming_9278,netflix_6667,0.769230769
streaming_929,netflix_8567,1
streaming_93,netflix_9794,1
streaming_930,netflix_9045,1
streaming_931,netflix_15435,1
streaming_932,netflix_14371,1
streaming_933,netflix_8431,1
streaming_9341,netflix_1432,1
streaming_937,netflix_4420,1
streaming_938,netflix_3734,1
streaming_939,netflix_4224,1
streaming_9399,netflix_4032,1
streaming_94,netflix_6598,1
streaming_9403,netflix_1622,1
streaming_941,netflix_5796,1
streaming_9426,netflix_9437,1
streaming_943,netflix_13959,1
streaming_9435,netflix_4190,0.8
streaming_944,netflix_9718,1
streaming_9469,netflix_9834,1
streaming_948,netflix_13831,1
streaming_950,netflix_9901,1
streaming_951,netflix_10211,1
streaming_9512,netflix_12442,0.75
streaming_953,netflix_5026,1
streaming_954,netflix_15245,1
streaming_955,netflix_6978,1
streaming_9557,netflix_11651,0.727272727
streaming_957,netflix_7131,1
streaming_958,netflix_9802,1
streaming_9595,netflix_3434,1
streaming_96,netflix_9641,1
streaming_9603,netflix_12227,1
streaming_962,netflix_10503,1
streaming_963,netflix_8770,1
streaming_964,netflix_3687,1
streaming_965,netflix_14402,0.933333333
streaming_966,netflix_9371,1
streaming_967,netflix_6346,1
streaming_968,netflix_1544,1
streaming_968,netflix_7185,1
streaming_969,netflix_6104,1
streaming_9693,netflix_89,1
streaming_971,netflix_11107,1
streaming_972,netflix_15060,1
streaming_9725,netflix_5055,0.846153846
streaming_973,netflix_3420,1
streaming_975,netflix_4282,1
streaming_976,netflix_6050,1
streaming_979,netflix_9242,1
streaming_9792,netflix_5357,0.909090909
streaming_98,netflix_14466,1
streaming_980,netflix_8206,1
streaming_982,netflix_12366,1
streaming_9823,netflix_9889,0.909090909
streaming_983,netflix_13712,1
streaming_9831,netflix_10981,1
streaming_984,netflix_3613,1
streaming_987,netflix_4286,1
streaming_989,netflix_5431,1
streaming_990,netflix_5730,1
streaming_9922,netflix_11745,0.733333333
streaming_993,netflix_10034,1
streaming_994,netflix_6129,0.961538462
streaming_995,netflix_4797,1
streaming_996,netflix_5894,1
streaming_997,netflix_9573,0.978723404
streaming_999,netflix_11697,1
