netflix_6882,imdb_57644,TRUE
netflix_6883,imdb_61172,TRUE
netflix_6884,imdb_67169,TRUE
netflix_6885,imdb_52010,TRUE
netflix_6886,imdb_84508,TRUE
netflix_6888,imdb_74776,TRUE
netflix_6889,imdb_54219,TRUE
netflix_6890,imdb_57654,TRUE
netflix_6891,imdb_76243,TRUE
netflix_6892,imdb_55915,TRUE
netflix_6893,imdb_66507,TRUE
netflix_6894,imdb_65829,TRUE
netflix_6895,imdb_65445,TRUE
netflix_6896,imdb_58531,TRUE
netflix_6897,imdb_56387,TRUE
netflix_6900,imdb_81840,TRUE
netflix_6906,imdb_81413,TRUE
netflix_6911,imdb_83181,TRUE
netflix_6913,imdb_60815,TRUE
netflix_6921,imdb_80999,TRUE
netflix_6922,imdb_67229,TRUE
netflix_6924,imdb_83898,TRUE
netflix_6931,imdb_82580,TRUE
netflix_6936,imdb_71285,TRUE
netflix_6950,imdb_69258,TRUE
netflix_6958,imdb_73675,TRUE
netflix_6960,imdb_82660,TRUE
netflix_6963,imdb_79909,TRUE
netflix_6964,imdb_74709,TRUE
netflix_6973,imdb_80589,TRUE
netflix_6975,imdb_79714,TRUE
netflix_6976,imdb_83042,TRUE
netflix_6989,imdb_84450,TRUE
netflix_6999,imdb_78642,TRUE
netflix_7000,imdb_84474,TRUE
netflix_7017,imdb_73279,TRUE
netflix_7018,imdb_81962,TRUE
netflix_7019,imdb_77081,TRUE
netflix_7037,imdb_65751,TRUE
netflix_7052,imdb_80521,TRUE
netflix_7058,imdb_44702,TRUE
netflix_7059,imdb_57948,TRUE
netflix_7085,imdb_50356,TRUE
netflix_7092,imdb_48619,TRUE
netflix_7097,imdb_62694,TRUE
netflix_7099,imdb_73485,TRUE
netflix_7103,imdb_48329,TRUE
netflix_7131,imdb_56970,TRUE
netflix_7132,imdb_69619,TRUE
netflix_7134,imdb_81057,TRUE
netflix_7136,imdb_64080,TRUE
netflix_7141,imdb_71757,TRUE
netflix_7142,imdb_56317,TRUE
netflix_7143,imdb_57868,TRUE
netflix_7145,imdb_73797,TRUE
netflix_7150,imdb_57444,TRUE
netflix_7153,imdb_79625,TRUE
netflix_7157,imdb_75400,TRUE
netflix_7160,imdb_58857,TRUE
netflix_7161,imdb_65894,TRUE
netflix_7166,imdb_82868,TRUE
netflix_7181,imdb_76589,TRUE
netflix_7186,imdb_74422,TRUE
netflix_7189,imdb_67734,TRUE
netflix_7191,imdb_74298,TRUE
netflix_7200,imdb_73918,TRUE
netflix_7221,imdb_36840,TRUE
netflix_7223,imdb_83145,TRUE
netflix_7225,imdb_82643,TRUE
netflix_7248,imdb_81906,TRUE
netflix_7259,imdb_58973,TRUE
netflix_7269,imdb_72354,TRUE
netflix_7270,imdb_78396,TRUE
netflix_7271,imdb_81015,TRUE
netflix_7286,imdb_68610,TRUE
netflix_7294,imdb_84080,TRUE
netflix_7299,imdb_79847,TRUE
netflix_7300,imdb_80744,TRUE
netflix_7301,imdb_82484,TRUE
netflix_7305,imdb_73268,TRUE
netflix_7311,imdb_51945,TRUE
netflix_7320,imdb_80658,TRUE
netflix_7323,imdb_81590,TRUE
netflix_7324,imdb_78732,TRUE
netflix_7326,imdb_76807,TRUE
netflix_7338,imdb_58000,TRUE
netflix_7344,imdb_79702,TRUE
netflix_7358,imdb_79658,TRUE
netflix_7376,imdb_76939,TRUE
netflix_7400,imdb_76661,TRUE
netflix_7458,imdb_58180,TRUE
netflix_7640,imdb_65896,TRUE
netflix_7753,imdb_28611,TRUE
netflix_7895,imdb_79984,TRUE
netflix_8032,imdb_64636,TRUE
netflix_8043,imdb_43427,TRUE
netflix_8068,imdb_59405,TRUE
netflix_8074,imdb_80760,TRUE
netflix_8100,imdb_79754,TRUE
netflix_8152,imdb_72936,TRUE
netflix_8154,imdb_60173,TRUE
netflix_8155,imdb_38155,TRUE
netflix_8156,imdb_62521,TRUE
netflix_8157,imdb_71008,TRUE
netflix_8158,imdb_74554,TRUE
netflix_8182,imdb_77812,TRUE
netflix_8183,imdb_81944,TRUE
netflix_8185,imdb_82857,TRUE
netflix_8208,imdb_47800,TRUE
netflix_8209,imdb_76107,TRUE
netflix_8211,imdb_37039,TRUE
netflix_8221,imdb_81282,TRUE
netflix_8224,imdb_70446,TRUE
netflix_8233,imdb_66770,TRUE
netflix_8241,imdb_63623,TRUE
netflix_8247,imdb_59368,TRUE
netflix_8248,imdb_57802,TRUE
netflix_8249,imdb_66395,TRUE
netflix_8263,imdb_43844,TRUE
netflix_8268,imdb_49616,TRUE
netflix_8270,imdb_62137,TRUE
netflix_8271,imdb_56942,TRUE
netflix_8272,imdb_50235,TRUE
netflix_8274,imdb_55179,TRUE
netflix_8275,imdb_79866,TRUE
netflix_8276,imdb_60787,TRUE
netflix_8278,imdb_81156,TRUE
netflix_8279,imdb_81839,TRUE
netflix_8287,imdb_79578,TRUE
netflix_8291,imdb_57555,TRUE
netflix_8293,imdb_76085,TRUE
netflix_8295,imdb_63463,TRUE
netflix_8299,imdb_76861,TRUE
netflix_8300,imdb_71715,TRUE
netflix_8309,imdb_56334,TRUE
netflix_8312,imdb_64335,TRUE
netflix_8314,imdb_73592,TRUE
netflix_8315,imdb_70321,TRUE
netflix_8316,imdb_60785,TRUE
netflix_8318,imdb_70854,TRUE
netflix_8320,imdb_77323,TRUE
netflix_8327,imdb_81569,TRUE
netflix_8328,imdb_62767,TRUE
netflix_8329,imdb_73143,TRUE
netflix_8330,imdb_70915,TRUE
netflix_8331,imdb_69596,TRUE
netflix_8333,imdb_77361,TRUE
netflix_8335,imdb_81851,TRUE
netflix_8340,imdb_28551,TRUE
netflix_8342,imdb_73458,TRUE
netflix_8343,imdb_26160,TRUE
netflix_8350,imdb_66632,TRUE
netflix_8353,imdb_79832,TRUE
netflix_8358,imdb_42063,TRUE
netflix_8360,imdb_74415,TRUE
netflix_8370,imdb_42888,TRUE
netflix_8372,imdb_67931,TRUE
netflix_8378,imdb_58182,TRUE
netflix_8379,imdb_49971,TRUE
netflix_8380,imdb_81381,TRUE
netflix_8386,imdb_49103,TRUE
netflix_8397,imdb_80024,TRUE
netflix_8399,imdb_75518,TRUE
netflix_8410,imdb_80587,TRUE
netflix_8418,imdb_57680,TRUE
netflix_8419,imdb_69490,TRUE
netflix_8426,imdb_75372,TRUE
netflix_8431,imdb_77376,TRUE
netflix_8433,imdb_48022,TRUE
netflix_8434,imdb_84266,TRUE
netflix_8435,imdb_59098,TRUE
netflix_8440,imdb_76459,TRUE
netflix_8448,imdb_78395,TRUE
netflix_8450,imdb_73480,TRUE
netflix_8457,imdb_76167,TRUE
netflix_8460,imdb_31345,TRUE
netflix_8461,imdb_82304,TRUE
netflix_8463,imdb_80270,TRUE
netflix_8465,imdb_71581,TRUE
netflix_8479,imdb_22017,TRUE
netflix_8491,imdb_26128,TRUE
netflix_8494,imdb_79111,TRUE
netflix_8507,imdb_81182,TRUE
netflix_8511,imdb_80353,TRUE
netflix_8512,imdb_72677,TRUE
netflix_8525,imdb_82334,TRUE
netflix_8528,imdb_83383,TRUE
netflix_8530,imdb_77618,TRUE
netflix_8536,imdb_68882,TRUE
netflix_8538,imdb_77873,TRUE
netflix_8558,imdb_62979,TRUE
netflix_8561,imdb_55103,TRUE
netflix_8564,imdb_79490,TRUE
netflix_8568,imdb_82853,TRUE
netflix_8572,imdb_80629,TRUE
netflix_8573,imdb_75155,TRUE
netflix_8574,imdb_79100,TRUE
netflix_8576,imdb_76916,TRUE
netflix_8583,imdb_80253,TRUE
netflix_8588,imdb_55732,TRUE
netflix_8599,imdb_77082,TRUE
netflix_8606,imdb_42928,TRUE
netflix_8609,imdb_71301,TRUE
netflix_8627,imdb_72778,TRUE
netflix_8628,imdb_71722,TRUE
netflix_8631,imdb_78580,TRUE
netflix_8634,imdb_61306,TRUE
netflix_8659,imdb_37094,TRUE
netflix_8660,imdb_47308,TRUE
netflix_8691,imdb_74904,TRUE
netflix_8693,imdb_78158,TRUE
netflix_8694,imdb_80010,TRUE
netflix_8695,imdb_77944,TRUE
netflix_8698,imdb_48203,TRUE
netflix_8699,imdb_75584,TRUE
netflix_8700,imdb_81692,TRUE
netflix_8708,imdb_22221,TRUE
netflix_8731,imdb_82375,TRUE
netflix_8732,imdb_80231,TRUE
netflix_8742,imdb_52635,TRUE
netflix_8759,imdb_72410,TRUE
netflix_8767,imdb_76386,TRUE
netflix_8781,imdb_58443,TRUE
netflix_8787,imdb_70753,TRUE
netflix_8788,imdb_78479,TRUE
netflix_8791,imdb_79647,TRUE
netflix_8794,imdb_47292,TRUE
netflix_8802,imdb_62076,TRUE
netflix_8808,imdb_32978,TRUE
netflix_8823,imdb_79289,TRUE
netflix_8824,imdb_79516,TRUE
netflix_8826,imdb_77018,TRUE
netflix_8827,imdb_81318,TRUE
netflix_8837,imdb_79942,TRUE
netflix_8839,imdb_68931,TRUE
netflix_8843,imdb_76129,TRUE
netflix_8855,imdb_75947,TRUE
netflix_8857,imdb_69159,TRUE
netflix_8858,imdb_79293,TRUE
netflix_8861,imdb_70538,TRUE
netflix_8865,imdb_77583,TRUE
netflix_8868,imdb_77831,TRUE
netflix_8870,imdb_81553,TRUE
netflix_8878,imdb_75451,TRUE
netflix_8882,imdb_75437,TRUE
netflix_8884,imdb_77700,TRUE
netflix_8890,imdb_54514,TRUE
netflix_8893,imdb_70392,TRUE
netflix_8894,imdb_58384,TRUE
netflix_8897,imdb_46930,TRUE
netflix_8899,imdb_68321,TRUE
netflix_8903,imdb_76292,TRUE
netflix_8904,imdb_81757,TRUE
netflix_8923,imdb_77989,TRUE
netflix_8928,imdb_58482,TRUE
netflix_8937,imdb_78972,TRUE
netflix_8949,imdb_76904,TRUE
netflix_8953,imdb_67762,TRUE
netflix_8961,imdb_75046,TRUE
netflix_8971,imdb_58444,TRUE
netflix_8974,imdb_56089,TRUE
netflix_8975,imdb_80486,TRUE
netflix_8990,imdb_78034,TRUE
netflix_8994,imdb_72953,TRUE
netflix_9000,imdb_77263,TRUE
netflix_9001,imdb_82911,TRUE
netflix_9004,imdb_78285,TRUE
netflix_9009,imdb_80773,TRUE
netflix_9013,imdb_19110,TRUE
netflix_9018,imdb_76779,TRUE
netflix_9019,imdb_56524,TRUE
netflix_9031,imdb_75035,TRUE
netflix_9037,imdb_75940,TRUE
netflix_9056,imdb_72063,TRUE
netflix_9061,imdb_69725,TRUE
netflix_9082,imdb_78810,TRUE
netflix_9099,imdb_79072,TRUE
netflix_9103,imdb_67222,TRUE
netflix_9104,imdb_76271,TRUE
netflix_9108,imdb_42953,TRUE
netflix_9150,imdb_27689,TRUE
netflix_9166,imdb_72438,TRUE
netflix_9186,imdb_70225,TRUE
netflix_9188,imdb_78129,TRUE
netflix_9194,imdb_79980,TRUE
netflix_9195,imdb_75811,TRUE
netflix_9199,imdb_72087,TRUE
netflix_9202,imdb_77905,TRUE
netflix_9211,imdb_70106,TRUE
netflix_9227,imdb_80329,TRUE
netflix_9229,imdb_81954,TRUE
netflix_9233,imdb_72154,TRUE
netflix_9237,imdb_69483,TRUE
netflix_9239,imdb_65997,TRUE
netflix_9240,imdb_70510,TRUE
netflix_9242,imdb_48319,TRUE
netflix_9248,imdb_63261,TRUE
netflix_9249,imdb_72330,TRUE
netflix_9250,imdb_72372,TRUE
netflix_9256,imdb_79314,TRUE
netflix_9257,imdb_76076,TRUE
netflix_9264,imdb_15876,TRUE
netflix_9266,imdb_77788,TRUE
netflix_9267,imdb_69600,TRUE
netflix_9268,imdb_64434,TRUE
netflix_9271,imdb_78096,TRUE
netflix_9286,imdb_80377,TRUE
netflix_9292,imdb_64148,TRUE
netflix_9296,imdb_75423,TRUE
netflix_9298,imdb_67014,TRUE
netflix_9303,imdb_38231,TRUE
netflix_9306,imdb_79659,TRUE
netflix_9309,imdb_80333,TRUE
netflix_9316,imdb_75618,TRUE
netflix_9325,imdb_72630,TRUE
netflix_9331,imdb_70308,TRUE
netflix_9332,imdb_80179,TRUE
netflix_9335,imdb_75519,TRUE
netflix_9356,imdb_45506,TRUE
netflix_9366,imdb_82270,TRUE
netflix_9367,imdb_80389,TRUE
netflix_9375,imdb_33019,TRUE
netflix_9376,imdb_75475,TRUE
netflix_9381,imdb_74204,TRUE
netflix_9388,imdb_60596,TRUE
netflix_9395,imdb_76101,TRUE
netflix_9396,imdb_78428,TRUE
netflix_9397,imdb_24385,TRUE
netflix_9412,imdb_77946,TRUE
netflix_9421,imdb_59174,TRUE
netflix_9429,imdb_70423,TRUE
netflix_9431,imdb_71494,TRUE
netflix_9442,imdb_78683,TRUE
netflix_9444,imdb_35967,TRUE
netflix_9459,imdb_70494,TRUE
netflix_9477,imdb_75433,TRUE
netflix_9515,imdb_57039,TRUE
netflix_9516,imdb_71832,TRUE
netflix_9533,imdb_49569,TRUE
netflix_9536,imdb_51007,TRUE
netflix_9548,imdb_69167,TRUE
netflix_9551,imdb_72875,TRUE
netflix_9556,imdb_16656,TRUE
netflix_9569,imdb_73705,TRUE
netflix_9576,imdb_72165,TRUE
netflix_9583,imdb_75571,TRUE
netflix_9602,imdb_69977,TRUE
netflix_9611,imdb_64872,TRUE
netflix_9644,imdb_71358,TRUE
netflix_9649,imdb_72730,TRUE
netflix_9652,imdb_58474,TRUE
netflix_9654,imdb_78678,TRUE
netflix_9655,imdb_73477,TRUE
netflix_9683,imdb_77280,TRUE
netflix_9686,imdb_67731,TRUE
netflix_9706,imdb_45918,TRUE
netflix_9726,imdb_64337,TRUE
netflix_9730,imdb_80893,TRUE
netflix_9731,imdb_76568,TRUE
netflix_9733,imdb_75121,TRUE
netflix_9758,imdb_11232,TRUE
netflix_9759,imdb_37625,TRUE
netflix_9761,imdb_12525,TRUE
netflix_9762,imdb_28621,TRUE
netflix_9768,imdb_74408,TRUE
netflix_9772,imdb_43453,TRUE
netflix_9774,imdb_61950,TRUE
netflix_9781,imdb_56066,TRUE
netflix_9789,imdb_79559,TRUE
netflix_9790,imdb_53494,TRUE
netflix_9791,imdb_53091,TRUE
netflix_9792,imdb_65045,TRUE
netflix_9793,imdb_72362,TRUE
netflix_9794,imdb_73292,TRUE
netflix_9797,imdb_68699,TRUE
netflix_9800,imdb_77725,TRUE
netflix_9803,imdb_77960,TRUE
netflix_9806,imdb_70547,TRUE
netflix_9811,imdb_76651,TRUE
netflix_9826,imdb_31013,TRUE
netflix_9827,imdb_41931,TRUE
netflix_9845,imdb_57583,TRUE
netflix_9846,imdb_76326,TRUE
netflix_9854,imdb_60769,TRUE
netflix_9860,imdb_44119,TRUE
netflix_9862,imdb_71254,TRUE
netflix_9866,imdb_81292,TRUE
netflix_9875,imdb_65200,TRUE
netflix_9879,imdb_29182,TRUE
netflix_9880,imdb_40328,TRUE
netflix_9895,imdb_55465,TRUE
netflix_9900,imdb_76114,TRUE
netflix_9901,imdb_75652,TRUE
netflix_9925,imdb_60486,TRUE
netflix_9929,imdb_67789,TRUE
netflix_9931,imdb_72589,TRUE
netflix_9932,imdb_31800,TRUE
netflix_9933,imdb_28178,TRUE
netflix_9934,imdb_29251,TRUE
netflix_9936,imdb_72865,TRUE
netflix_9937,imdb_74137,TRUE
netflix_9940,imdb_65879,TRUE
netflix_9946,imdb_30105,TRUE
netflix_9952,imdb_51466,TRUE
netflix_9955,imdb_68883,TRUE
netflix_9957,imdb_67253,TRUE
netflix_9958,imdb_65777,TRUE
netflix_9964,imdb_43927,TRUE
netflix_9970,imdb_69019,TRUE
netflix_9978,imdb_74642,TRUE
netflix_9982,imdb_60077,TRUE
netflix_9983,imdb_67725,TRUE
netflix_9984,imdb_62087,TRUE
netflix_9986,imdb_62471,TRUE
netflix_9988,imdb_74442,TRUE
netflix_9989,imdb_73519,TRUE
netflix_9990,imdb_34429,TRUE
netflix_9991,imdb_68693,TRUE
netflix_9992,imdb_66518,TRUE
netflix_9993,imdb_70910,TRUE
netflix_9994,imdb_60942,TRUE
netflix_9995,imdb_78731,TRUE
netflix_9996,imdb_62288,TRUE
netflix_9998,imdb_32414,TRUE
netflix_9999,imdb_69245,TRUE
netflix_10000,imdb_73116,TRUE
netflix_10001,imdb_55811,TRUE
netflix_10015,imdb_65616,TRUE
netflix_10022,imdb_66677,TRUE
netflix_10028,imdb_79160,TRUE
netflix_10033,imdb_45049,TRUE
netflix_10045,imdb_66437,TRUE
netflix_10047,imdb_74148,TRUE
netflix_10055,imdb_32634,TRUE
netflix_10063,imdb_79005,TRUE
netflix_10066,imdb_57991,TRUE
netflix_10067,imdb_69442,TRUE
netflix_10068,imdb_64977,TRUE
netflix_10069,imdb_25806,TRUE
netflix_10076,imdb_76806,TRUE
netflix_10087,imdb_30392,TRUE
netflix_10118,imdb_71594,TRUE
netflix_10119,imdb_44432,TRUE
netflix_10124,imdb_59083,TRUE
netflix_10125,imdb_61692,TRUE
netflix_10126,imdb_71147,TRUE
netflix_10129,imdb_26512,TRUE
netflix_10130,imdb_40335,TRUE
netflix_10132,imdb_40517,TRUE
netflix_10140,imdb_78740,TRUE
netflix_10157,imdb_35911,TRUE
netflix_10160,imdb_33887,TRUE
netflix_10170,imdb_76102,TRUE
netflix_10172,imdb_67932,TRUE
netflix_10174,imdb_72946,TRUE
netflix_10176,imdb_68448,TRUE
netflix_10184,imdb_64641,TRUE
netflix_10196,imdb_57696,TRUE
netflix_10199,imdb_78447,TRUE
netflix_10218,imdb_59226,TRUE
netflix_10226,imdb_37220,TRUE
netflix_10238,imdb_73829,TRUE
netflix_10239,imdb_67128,TRUE
netflix_10240,imdb_69873,TRUE
netflix_10242,imdb_56174,TRUE
netflix_10252,imdb_75547,TRUE
netflix_10261,imdb_69683,TRUE
netflix_10287,imdb_60014,TRUE
netflix_10289,imdb_64628,TRUE
netflix_10290,imdb_59047,TRUE
netflix_10291,imdb_65061,TRUE
netflix_10302,imdb_73999,TRUE
netflix_10309,imdb_76906,TRUE
netflix_10321,imdb_73777,TRUE
netflix_10323,imdb_68541,TRUE
netflix_10330,imdb_51834,TRUE
netflix_10333,imdb_73095,TRUE
netflix_10340,imdb_65203,TRUE
netflix_10347,imdb_76844,TRUE
netflix_10357,imdb_70504,TRUE
netflix_10359,imdb_75952,TRUE
netflix_10360,imdb_62883,TRUE
netflix_10368,imdb_68154,TRUE
netflix_10373,imdb_64721,TRUE
netflix_10374,imdb_68851,TRUE
netflix_10391,imdb_78113,TRUE
netflix_10395,imdb_77829,TRUE
netflix_10398,imdb_70166,TRUE
netflix_10400,imdb_69312,TRUE
netflix_10402,imdb_74039,TRUE
netflix_10408,imdb_42557,TRUE
netflix_10411,imdb_69334,TRUE
netflix_10417,imdb_65024,TRUE
netflix_10422,imdb_74326,TRUE
netflix_10429,imdb_78061,TRUE
netflix_10434,imdb_77115,TRUE
netflix_10447,imdb_73368,TRUE
netflix_10452,imdb_73847,TRUE
netflix_10457,imdb_23503,TRUE
netflix_10460,imdb_52520,TRUE
netflix_10470,imdb_45897,TRUE
netflix_10479,imdb_74660,TRUE
netflix_10484,imdb_72403,TRUE
netflix_10489,imdb_49637,TRUE
netflix_10491,imdb_61905,TRUE
netflix_10495,imdb_70081,TRUE
netflix_10503,imdb_79252,TRUE
netflix_10520,imdb_71476,TRUE
netflix_10523,imdb_77801,TRUE
netflix_10527,imdb_60436,TRUE
netflix_10576,imdb_70167,TRUE
netflix_10583,imdb_64615,TRUE
netflix_10588,imdb_61793,TRUE
netflix_10591,imdb_73881,TRUE
netflix_10592,imdb_71372,TRUE
netflix_10593,imdb_43822,TRUE
netflix_10597,imdb_70724,TRUE
netflix_10602,imdb_40157,TRUE
netflix_10603,imdb_72359,TRUE
netflix_10605,imdb_64118,TRUE
netflix_10609,imdb_73569,TRUE
netflix_10610,imdb_57304,TRUE
netflix_10613,imdb_67444,TRUE
netflix_10616,imdb_73799,TRUE
netflix_10626,imdb_21621,TRUE
netflix_10628,imdb_73222,TRUE
netflix_10630,imdb_75690,TRUE
netflix_10635,imdb_76944,TRUE
netflix_10659,imdb_73762,TRUE
netflix_10674,imdb_73868,TRUE
netflix_10675,imdb_67936,TRUE
netflix_10677,imdb_75600,TRUE
netflix_10696,imdb_74824,TRUE
netflix_10715,imdb_71680,TRUE
netflix_10721,imdb_59735,TRUE
netflix_10735,imdb_75619,TRUE
netflix_10736,imdb_72306,TRUE
netflix_10739,imdb_72679,TRUE
netflix_10753,imdb_66000,TRUE
netflix_10754,imdb_49419,TRUE
netflix_10756,imdb_75738,TRUE
netflix_10757,imdb_55059,TRUE
netflix_10758,imdb_66003,TRUE
netflix_10783,imdb_72495,TRUE
netflix_10792,imdb_70903,TRUE
netflix_10797,imdb_77897,TRUE
netflix_10798,imdb_73807,TRUE
netflix_10815,imdb_62539,TRUE
netflix_10821,imdb_78312,TRUE
netflix_10828,imdb_19257,TRUE
netflix_10838,imdb_57747,TRUE
netflix_10842,imdb_77604,TRUE
netflix_10849,imdb_76210,TRUE
netflix_10856,imdb_63590,TRUE
netflix_10865,imdb_29736,TRUE
netflix_10866,imdb_54447,TRUE
netflix_10871,imdb_71959,TRUE
netflix_10883,imdb_70062,TRUE
netflix_10884,imdb_58026,TRUE
netflix_10887,imdb_74222,TRUE
netflix_10893,imdb_29666,TRUE
netflix_10894,imdb_71527,TRUE
netflix_10895,imdb_46456,TRUE
netflix_10900,imdb_44598,TRUE
netflix_10902,imdb_43603,TRUE
netflix_10912,imdb_52151,TRUE
netflix_10931,imdb_78726,TRUE
netflix_10932,imdb_73938,TRUE
netflix_10953,imdb_71383,TRUE
netflix_10955,imdb_71720,TRUE
netflix_10967,imdb_59597,TRUE
netflix_10968,imdb_57460,TRUE
netflix_10992,imdb_41058,TRUE
netflix_11002,imdb_78249,TRUE
netflix_11023,imdb_67061,TRUE
netflix_11036,imdb_47561,TRUE
netflix_11050,imdb_58066,TRUE
netflix_11051,imdb_69387,TRUE
netflix_11058,imdb_73674,TRUE
netflix_11071,imdb_74154,TRUE
netflix_11075,imdb_73288,TRUE
netflix_11079,imdb_75958,TRUE
netflix_11083,imdb_74584,TRUE
netflix_11090,imdb_61888,TRUE
netflix_11091,imdb_43361,TRUE
netflix_11096,imdb_65874,TRUE
netflix_11116,imdb_47748,TRUE
netflix_11125,imdb_71323,TRUE
netflix_11126,imdb_66840,TRUE
netflix_11132,imdb_68435,TRUE
netflix_11142,imdb_48341,TRUE
netflix_11148,imdb_72149,TRUE
netflix_11161,imdb_60277,TRUE
netflix_11168,imdb_71957,TRUE
netflix_11187,imdb_74603,TRUE
netflix_11195,imdb_71309,TRUE
netflix_11229,imdb_69170,TRUE
netflix_11236,imdb_75996,TRUE
netflix_11237,imdb_77074,TRUE
netflix_11238,imdb_60629,TRUE
netflix_11242,imdb_49490,TRUE
netflix_11246,imdb_65690,TRUE
netflix_11262,imdb_68978,TRUE
netflix_11284,imdb_68334,TRUE
netflix_11296,imdb_74481,TRUE
netflix_11297,imdb_60052,TRUE
netflix_11298,imdb_45662,TRUE
netflix_11315,imdb_75699,TRUE
netflix_11319,imdb_19862,TRUE
netflix_11321,imdb_67496,TRUE
netflix_11324,imdb_70216,TRUE
netflix_11325,imdb_13499,TRUE
netflix_11328,imdb_64309,TRUE
netflix_11330,imdb_70884,TRUE
netflix_11333,imdb_27813,TRUE
netflix_11342,imdb_70470,TRUE
netflix_11347,imdb_31310,TRUE
netflix_11351,imdb_70749,TRUE
netflix_11362,imdb_68930,TRUE
netflix_11370,imdb_66630,TRUE
netflix_11380,imdb_73972,TRUE
netflix_11386,imdb_72358,TRUE
netflix_11387,imdb_67603,TRUE
netflix_11391,imdb_66053,TRUE
netflix_11398,imdb_65876,TRUE
netflix_11403,imdb_64784,TRUE
netflix_11410,imdb_71681,TRUE
netflix_11413,imdb_69580,TRUE
netflix_11415,imdb_68067,TRUE
netflix_11420,imdb_38823,TRUE
netflix_11421,imdb_71545,TRUE
netflix_11423,imdb_57649,TRUE
netflix_11424,imdb_71608,TRUE
netflix_11448,imdb_23465,TRUE
netflix_11462,imdb_50484,TRUE
netflix_11463,imdb_57160,TRUE
netflix_11465,imdb_59020,TRUE
netflix_11466,imdb_71529,TRUE
netflix_11471,imdb_75845,TRUE
netflix_11475,imdb_66894,TRUE
netflix_11476,imdb_61552,TRUE
netflix_11480,imdb_60728,TRUE
netflix_11482,imdb_23319,TRUE
netflix_11483,imdb_64762,TRUE
netflix_11489,imdb_69635,TRUE
netflix_11490,imdb_52286,TRUE
netflix_11496,imdb_75918,TRUE
netflix_11505,imdb_48577,TRUE
netflix_11527,imdb_17841,TRUE
netflix_11536,imdb_68226,TRUE
netflix_11540,imdb_35730,TRUE
netflix_11545,imdb_62353,TRUE
netflix_11558,imdb_33809,TRUE
netflix_11559,imdb_55385,TRUE
netflix_11568,imdb_39546,TRUE
netflix_11573,imdb_62908,TRUE
netflix_11578,imdb_44440,TRUE
netflix_11581,imdb_66967,TRUE
netflix_11582,imdb_42915,TRUE
netflix_11586,imdb_66944,TRUE
netflix_11596,imdb_72871,TRUE
netflix_11600,imdb_61417,TRUE
netflix_11607,imdb_39074,TRUE
netflix_11613,imdb_74174,TRUE
netflix_11626,imdb_54289,TRUE
netflix_11627,imdb_73872,TRUE
netflix_11630,imdb_36370,TRUE
netflix_11634,imdb_68725,TRUE
netflix_11641,imdb_40757,TRUE
netflix_11648,imdb_13950,TRUE
netflix_11653,imdb_65910,TRUE
netflix_11654,imdb_67539,TRUE
netflix_11662,imdb_36126,TRUE
netflix_11665,imdb_42217,TRUE
netflix_11674,imdb_46488,TRUE
netflix_11685,imdb_70322,TRUE
netflix_11696,imdb_76616,TRUE
netflix_11699,imdb_72591,TRUE
netflix_11702,imdb_74448,TRUE
netflix_11711,imdb_67001,TRUE
netflix_11713,imdb_72641,TRUE
netflix_11717,imdb_28701,TRUE
netflix_11720,imdb_51213,TRUE
netflix_11727,imdb_67490,TRUE
netflix_11732,imdb_73317,TRUE
netflix_11735,imdb_58354,TRUE
netflix_11738,imdb_47989,TRUE
netflix_11740,imdb_60979,TRUE
netflix_11741,imdb_49213,TRUE
netflix_11748,imdb_53051,TRUE
netflix_11767,imdb_47143,TRUE
netflix_11768,imdb_62514,TRUE
netflix_11775,imdb_16321,TRUE
netflix_11776,imdb_39262,TRUE
netflix_11780,imdb_59024,TRUE
netflix_11781,imdb_69620,TRUE
netflix_11792,imdb_72269,TRUE
netflix_11812,imdb_19978,TRUE
netflix_11821,imdb_54809,TRUE
netflix_11825,imdb_69461,TRUE
netflix_11830,imdb_42189,TRUE
netflix_11832,imdb_56107,TRUE
netflix_11834,imdb_68023,TRUE
netflix_11837,imdb_36670,TRUE
netflix_11839,imdb_18111,TRUE
netflix_11845,imdb_47389,TRUE
netflix_11846,imdb_61469,TRUE
netflix_11854,imdb_70584,TRUE
netflix_11860,imdb_67377,TRUE
netflix_11862,imdb_43989,TRUE
netflix_11865,imdb_68581,TRUE
netflix_11866,imdb_59082,TRUE
netflix_11868,imdb_61601,TRUE
netflix_11879,imdb_72768,TRUE
netflix_11880,imdb_63918,TRUE
netflix_11882,imdb_47601,TRUE
netflix_11884,imdb_69054,TRUE
netflix_11887,imdb_42281,TRUE
netflix_11903,imdb_40882,TRUE
netflix_11904,imdb_67136,TRUE
netflix_11911,imdb_67620,TRUE
netflix_11913,imdb_57375,TRUE
netflix_11915,imdb_47966,TRUE
netflix_11918,imdb_44024,TRUE
netflix_11921,imdb_47530,TRUE
netflix_11928,imdb_72183,TRUE
netflix_11933,imdb_73461,TRUE
netflix_11934,imdb_69049,TRUE
netflix_11975,imdb_74797,TRUE
netflix_11989,imdb_36929,TRUE
netflix_11996,imdb_57117,TRUE
netflix_11998,imdb_53143,TRUE
netflix_11999,imdb_32327,TRUE
netflix_12001,imdb_31254,TRUE
netflix_12004,imdb_47902,TRUE
netflix_12010,imdb_67282,TRUE
netflix_12017,imdb_57231,TRUE
netflix_12018,imdb_68324,TRUE
netflix_12019,imdb_64189,TRUE
netflix_12021,imdb_65405,TRUE
netflix_12030,imdb_47058,TRUE
netflix_12034,imdb_50294,TRUE
netflix_12036,imdb_26897,TRUE
netflix_12037,imdb_31001,TRUE
netflix_12039,imdb_72678,TRUE
netflix_12080,imdb_49566,TRUE
netflix_12090,imdb_35725,TRUE
netflix_12091,imdb_52896,TRUE
netflix_12093,imdb_44631,TRUE
netflix_12097,imdb_49660,TRUE
netflix_12108,imdb_33760,TRUE
netflix_12119,imdb_53556,TRUE
netflix_12155,imdb_66149,TRUE
netflix_12156,imdb_49885,TRUE
netflix_12162,imdb_58947,TRUE
netflix_12167,imdb_30183,TRUE
netflix_12168,imdb_30989,TRUE
netflix_12170,imdb_19956,TRUE
netflix_12180,imdb_54475,TRUE
netflix_12184,imdb_69270,TRUE
netflix_12197,imdb_55478,TRUE
netflix_12203,imdb_70775,TRUE
netflix_12205,imdb_57433,TRUE
netflix_12212,imdb_54488,TRUE
netflix_12216,imdb_41087,TRUE
netflix_12225,imdb_53825,TRUE
netflix_12233,imdb_62933,TRUE
netflix_12246,imdb_67362,TRUE
netflix_12266,imdb_31375,TRUE
netflix_12274,imdb_40414,TRUE
netflix_12276,imdb_58215,TRUE
netflix_12277,imdb_50163,TRUE
netflix_12286,imdb_20891,TRUE
netflix_12296,imdb_69434,TRUE
netflix_12303,imdb_70175,TRUE
netflix_12309,imdb_34983,TRUE
netflix_12312,imdb_69775,TRUE
netflix_12315,imdb_52484,TRUE
netflix_12326,imdb_64598,TRUE
netflix_12330,imdb_74421,TRUE
netflix_12367,imdb_61321,TRUE
netflix_12381,imdb_64396,TRUE
netflix_12384,imdb_71146,TRUE
netflix_12393,imdb_59159,TRUE
netflix_12394,imdb_64578,TRUE
netflix_12396,imdb_59724,TRUE
netflix_12400,imdb_67033,TRUE
netflix_12407,imdb_28681,TRUE
netflix_12409,imdb_43775,TRUE
netflix_12419,imdb_29945,TRUE
netflix_12420,imdb_46979,TRUE
netflix_12426,imdb_53519,TRUE
netflix_12434,imdb_63048,TRUE
netflix_12439,imdb_65607,TRUE
netflix_12440,imdb_30705,TRUE
netflix_12446,imdb_38748,TRUE
netflix_12448,imdb_51635,TRUE
netflix_12461,imdb_60439,TRUE
netflix_12463,imdb_60902,TRUE
netflix_12465,imdb_39968,TRUE
netflix_12468,imdb_49261,TRUE
netflix_12470,imdb_35107,TRUE
netflix_12475,imdb_65028,TRUE
netflix_12477,imdb_52761,TRUE
netflix_12483,imdb_54256,TRUE
netflix_12484,imdb_55151,TRUE
netflix_12486,imdb_32776,TRUE
netflix_12497,imdb_29414,TRUE
netflix_12498,imdb_47356,TRUE
netflix_12509,imdb_44344,TRUE
netflix_12516,imdb_39364,TRUE
netflix_12518,imdb_51080,TRUE
netflix_12519,imdb_30712,TRUE
netflix_12531,imdb_58051,TRUE
netflix_12538,imdb_46949,TRUE
netflix_12539,imdb_65516,TRUE
netflix_12549,imdb_29953,TRUE
netflix_12554,imdb_60142,TRUE
netflix_12556,imdb_31301,TRUE
netflix_12561,imdb_68431,TRUE
netflix_12567,imdb_22371,TRUE
netflix_12588,imdb_43215,TRUE
netflix_12590,imdb_46853,TRUE
netflix_12593,imdb_60991,TRUE
netflix_12596,imdb_50460,TRUE
netflix_12598,imdb_57960,TRUE
netflix_12603,imdb_56663,TRUE
netflix_12605,imdb_51079,TRUE
netflix_12614,imdb_59444,TRUE
netflix_12615,imdb_42824,TRUE
netflix_12617,imdb_58637,TRUE
netflix_12619,imdb_45665,TRUE
netflix_12620,imdb_52093,TRUE
netflix_12624,imdb_60980,TRUE
netflix_12632,imdb_39172,TRUE
netflix_12638,imdb_48723,TRUE
netflix_12640,imdb_45322,TRUE
netflix_12641,imdb_49898,TRUE
netflix_12642,imdb_45224,TRUE
netflix_12646,imdb_54294,TRUE
netflix_12696,imdb_84447,TRUE
netflix_12754,imdb_42428,TRUE
netflix_12894,imdb_71837,TRUE
netflix_13253,imdb_27211,TRUE
netflix_13255,imdb_46253,TRUE
netflix_13267,imdb_60155,TRUE
netflix_13273,imdb_48336,TRUE
netflix_13274,imdb_30395,TRUE
netflix_13277,imdb_43970,TRUE
netflix_13278,imdb_56464,TRUE
netflix_13290,imdb_44774,TRUE
netflix_13302,imdb_30363,TRUE
netflix_13309,imdb_41787,TRUE
netflix_13319,imdb_57651,TRUE
netflix_13320,imdb_60566,TRUE
netflix_13327,imdb_36660,TRUE
netflix_13332,imdb_42975,TRUE
netflix_13333,imdb_58278,TRUE
netflix_13337,imdb_44829,TRUE
netflix_13340,imdb_66717,TRUE
netflix_13342,imdb_31235,TRUE
netflix_13347,imdb_40487,TRUE
netflix_13349,imdb_63622,TRUE
netflix_13351,imdb_28770,TRUE
netflix_13356,imdb_30814,TRUE
netflix_13357,imdb_49813,TRUE
netflix_13369,imdb_34836,TRUE
netflix_13372,imdb_67506,TRUE
netflix_13374,imdb_60119,TRUE
netflix_13379,imdb_41487,TRUE
netflix_13382,imdb_31385,TRUE
netflix_13385,imdb_66055,TRUE
netflix_13386,imdb_28677,TRUE
netflix_13390,imdb_64801,TRUE
netflix_13395,imdb_23642,TRUE
netflix_13402,imdb_54440,TRUE
netflix_13410,imdb_50177,TRUE
netflix_13412,imdb_48590,TRUE
netflix_13418,imdb_46668,TRUE
netflix_13438,imdb_69368,TRUE
netflix_13442,imdb_68922,TRUE
netflix_13444,imdb_60256,TRUE
netflix_13447,imdb_70343,TRUE
netflix_13449,imdb_68921,TRUE
netflix_13456,imdb_51717,TRUE
netflix_13457,imdb_56931,TRUE
netflix_13479,imdb_36335,TRUE
netflix_13483,imdb_47335,TRUE
netflix_13488,imdb_44120,TRUE
netflix_13489,imdb_48418,TRUE
netflix_13493,imdb_61077,TRUE
netflix_13503,imdb_66426,TRUE
netflix_13508,imdb_54290,TRUE
netflix_13509,imdb_48128,TRUE
netflix_13514,imdb_55584,TRUE
netflix_13521,imdb_60099,TRUE
netflix_13528,imdb_51719,TRUE
netflix_13536,imdb_45639,TRUE
netflix_13537,imdb_57795,TRUE
netflix_13538,imdb_60116,TRUE
netflix_13539,imdb_57480,TRUE
netflix_13545,imdb_42007,TRUE
netflix_13549,imdb_45091,TRUE
netflix_13551,imdb_72441,TRUE
netflix_13554,imdb_55625,TRUE
netflix_13555,imdb_61990,TRUE
netflix_13560,imdb_63377,TRUE
netflix_13563,imdb_37226,TRUE
netflix_13564,imdb_60708,TRUE
netflix_13565,imdb_60340,TRUE
netflix_13566,imdb_65930,TRUE
netflix_13568,imdb_64481,TRUE
netflix_13569,imdb_64314,TRUE
netflix_13571,imdb_66695,TRUE
netflix_13579,imdb_65208,TRUE
netflix_13583,imdb_61517,TRUE
netflix_13593,imdb_53817,TRUE
netflix_13595,imdb_65709,TRUE
netflix_13608,imdb_66379,TRUE
netflix_13618,imdb_31183,TRUE
netflix_13619,imdb_63699,TRUE
netflix_13629,imdb_47924,TRUE
netflix_13631,imdb_58606,TRUE
netflix_13634,imdb_51161,TRUE
netflix_13641,imdb_67445,TRUE
netflix_13642,imdb_25717,TRUE
netflix_13643,imdb_66589,TRUE
netflix_13647,imdb_45371,TRUE
netflix_13648,imdb_59605,TRUE
netflix_13649,imdb_64362,TRUE
netflix_13650,imdb_39130,TRUE
netflix_13657,imdb_27852,TRUE
netflix_13666,imdb_57675,TRUE
netflix_13667,imdb_59428,TRUE
netflix_13672,imdb_58366,TRUE
netflix_13673,imdb_68390,TRUE
netflix_13683,imdb_50295,TRUE
netflix_13689,imdb_31366,TRUE
netflix_13706,imdb_60497,TRUE
netflix_13712,imdb_55713,TRUE
netflix_13713,imdb_56555,TRUE
netflix_13726,imdb_46261,TRUE
netflix_13744,imdb_28294,TRUE
netflix_13748,imdb_65052,TRUE
netflix_13755,imdb_67086,TRUE
netflix_13759,imdb_14569,TRUE
netflix_13760,imdb_57971,TRUE
netflix_13765,imdb_27431,TRUE
netflix_13777,imdb_58539,TRUE
netflix_13783,imdb_42616,TRUE
netflix_13797,imdb_66582,TRUE
netflix_13808,imdb_69005,TRUE
netflix_13814,imdb_67547,TRUE
netflix_13817,imdb_65288,TRUE
netflix_13822,imdb_63387,TRUE
netflix_13826,imdb_66204,TRUE
netflix_13829,imdb_58120,TRUE
netflix_13843,imdb_22903,TRUE
netflix_13850,imdb_34710,TRUE
netflix_13863,imdb_51847,TRUE
netflix_13871,imdb_63186,TRUE
netflix_13874,imdb_66076,TRUE
netflix_13877,imdb_57892,TRUE
netflix_13878,imdb_63073,TRUE
netflix_13880,imdb_56188,TRUE
netflix_13885,imdb_61050,TRUE
netflix_13896,imdb_57913,TRUE
netflix_13900,imdb_47491,TRUE
netflix_13901,imdb_56852,TRUE
netflix_13941,imdb_56636,TRUE
netflix_13946,imdb_58016,TRUE
netflix_13957,imdb_34545,TRUE
netflix_13983,imdb_56172,TRUE
netflix_13988,imdb_65051,TRUE
netflix_13995,imdb_56456,TRUE
netflix_13996,imdb_67384,TRUE
netflix_13998,imdb_61232,TRUE
netflix_14003,imdb_20417,TRUE
netflix_14013,imdb_63671,TRUE
netflix_14014,imdb_64541,TRUE
netflix_14022,imdb_68547,TRUE
netflix_14035,imdb_59139,TRUE
netflix_14047,imdb_40698,TRUE
netflix_14062,imdb_62517,TRUE
netflix_14063,imdb_55482,TRUE
netflix_14065,imdb_23697,TRUE
netflix_14067,imdb_51032,TRUE
netflix_14071,imdb_50638,TRUE
netflix_14073,imdb_39581,TRUE
netflix_14074,imdb_59811,TRUE
netflix_14076,imdb_43035,TRUE
netflix_14088,imdb_38720,TRUE
netflix_14091,imdb_46502,TRUE
netflix_14097,imdb_44545,TRUE
netflix_14099,imdb_42014,TRUE
netflix_14100,imdb_31754,TRUE
netflix_14109,imdb_59694,TRUE
netflix_14112,imdb_39255,TRUE
netflix_14117,imdb_46883,TRUE
netflix_14118,imdb_52809,TRUE
netflix_14120,imdb_47170,TRUE
netflix_14122,imdb_55825,TRUE
netflix_14125,imdb_58352,TRUE
netflix_14128,imdb_21380,TRUE
netflix_14130,imdb_52602,TRUE
netflix_14138,imdb_55195,TRUE
netflix_14152,imdb_26411,TRUE
netflix_14161,imdb_54687,TRUE
netflix_14164,imdb_67538,TRUE
netflix_14171,imdb_36610,TRUE
netflix_14172,imdb_65304,TRUE
netflix_14174,imdb_58367,TRUE
netflix_14175,imdb_62662,TRUE
netflix_14199,imdb_42623,TRUE
netflix_14203,imdb_22377,TRUE
netflix_14205,imdb_55773,TRUE
netflix_14208,imdb_43420,TRUE
netflix_14222,imdb_55766,TRUE
netflix_14224,imdb_39085,TRUE
netflix_14225,imdb_61798,TRUE
netflix_14230,imdb_58149,TRUE
netflix_14233,imdb_46478,TRUE
netflix_14242,imdb_31107,TRUE
netflix_14243,imdb_51098,TRUE
netflix_14249,imdb_47614,TRUE
netflix_14259,imdb_57820,TRUE
netflix_14264,imdb_50633,TRUE
netflix_14270,imdb_45824,TRUE
netflix_14272,imdb_42426,TRUE
netflix_14277,imdb_56443,TRUE
netflix_14280,imdb_46099,TRUE
netflix_14282,imdb_42191,TRUE
netflix_14292,imdb_62725,TRUE
netflix_14294,imdb_35748,TRUE
netflix_14306,imdb_60389,TRUE
netflix_14308,imdb_64020,TRUE
netflix_14315,imdb_29034,TRUE
netflix_14317,imdb_34233,TRUE
netflix_14324,imdb_59921,TRUE
netflix_14327,imdb_66928,TRUE
netflix_14331,imdb_57475,TRUE
netflix_14343,imdb_52079,TRUE
netflix_14344,imdb_25982,TRUE
netflix_14346,imdb_51374,TRUE
netflix_14359,imdb_63307,TRUE
netflix_14366,imdb_32751,TRUE
netflix_14368,imdb_55758,TRUE
netflix_14372,imdb_51263,TRUE
netflix_14375,imdb_23193,TRUE
netflix_14380,imdb_31326,TRUE
netflix_14389,imdb_43214,TRUE
netflix_14392,imdb_50300,TRUE
netflix_14398,imdb_39907,TRUE
netflix_14403,imdb_45952,TRUE
netflix_14406,imdb_60372,TRUE
netflix_14408,imdb_61130,TRUE
netflix_14411,imdb_63239,TRUE
netflix_14419,imdb_62660,TRUE
netflix_14423,imdb_55213,TRUE
netflix_14424,imdb_51700,TRUE
netflix_14430,imdb_60037,TRUE
netflix_14431,imdb_55977,TRUE
netflix_14433,imdb_52537,TRUE
netflix_14441,imdb_68804,TRUE
netflix_14444,imdb_48629,TRUE
netflix_14453,imdb_59074,TRUE
netflix_14456,imdb_59815,TRUE
netflix_14461,imdb_49323,TRUE
netflix_14470,imdb_62512,TRUE
netflix_14474,imdb_55838,TRUE
netflix_14476,imdb_51070,TRUE
netflix_14480,imdb_43935,TRUE
netflix_14488,imdb_46427,TRUE
netflix_14489,imdb_45114,TRUE
netflix_14493,imdb_56044,TRUE
netflix_14501,imdb_57430,TRUE
netflix_14507,imdb_43227,TRUE
netflix_14516,imdb_62235,TRUE
netflix_14518,imdb_62247,TRUE
netflix_14519,imdb_62090,TRUE
netflix_14520,imdb_49542,TRUE
netflix_14530,imdb_54334,TRUE
netflix_14531,imdb_56671,TRUE
netflix_14543,imdb_38433,TRUE
netflix_14565,imdb_41013,TRUE
netflix_14567,imdb_43739,TRUE
netflix_14569,imdb_33862,TRUE
netflix_14572,imdb_45512,TRUE
netflix_14573,imdb_38773,TRUE
netflix_14574,imdb_50260,TRUE
netflix_14575,imdb_40747,TRUE
netflix_14576,imdb_60261,TRUE
netflix_14580,imdb_41390,TRUE
netflix_14585,imdb_40893,TRUE
netflix_14588,imdb_36756,TRUE
netflix_14589,imdb_43290,TRUE
netflix_14590,imdb_55244,TRUE
netflix_14591,imdb_48754,TRUE
netflix_14594,imdb_42595,TRUE
netflix_14597,imdb_60123,TRUE
netflix_14599,imdb_37354,TRUE
netflix_14607,imdb_48467,TRUE
netflix_14610,imdb_36160,TRUE
netflix_14613,imdb_52259,TRUE
netflix_14614,imdb_43053,TRUE
netflix_14624,imdb_27408,TRUE
netflix_14626,imdb_29967,TRUE
netflix_14628,imdb_54728,TRUE
netflix_14630,imdb_41841,TRUE
netflix_14631,imdb_47445,TRUE
netflix_14633,imdb_54348,TRUE
netflix_14644,imdb_59497,TRUE
netflix_14646,imdb_61399,TRUE
netflix_14650,imdb_40317,TRUE
netflix_14653,imdb_58275,TRUE
netflix_14661,imdb_62749,TRUE
netflix_14664,imdb_44166,TRUE
netflix_14667,imdb_46571,TRUE
netflix_14674,imdb_46217,TRUE
netflix_14677,imdb_21112,TRUE
netflix_14680,imdb_46884,TRUE
netflix_14681,imdb_45875,TRUE
netflix_14685,imdb_28066,TRUE
netflix_14690,imdb_43778,TRUE
netflix_14693,imdb_53251,TRUE
netflix_14698,imdb_48925,TRUE
netflix_14701,imdb_31226,TRUE
netflix_14706,imdb_43013,TRUE
netflix_14712,imdb_48129,TRUE
netflix_14714,imdb_64290,TRUE
netflix_14717,imdb_44914,TRUE
netflix_14725,imdb_53271,TRUE
netflix_14728,imdb_52610,TRUE
netflix_14736,imdb_28719,TRUE
netflix_14738,imdb_55258,TRUE
netflix_14740,imdb_44810,TRUE
netflix_14743,imdb_58138,TRUE
netflix_14746,imdb_38712,TRUE
netflix_14750,imdb_43908,TRUE
netflix_14768,imdb_34295,TRUE
netflix_14788,imdb_60424,TRUE
netflix_14789,imdb_40979,TRUE
netflix_14795,imdb_41852,TRUE
netflix_14798,imdb_61880,TRUE
netflix_14800,imdb_47900,TRUE
netflix_14806,imdb_31291,TRUE
netflix_14809,imdb_59188,TRUE
netflix_14812,imdb_56681,TRUE
netflix_14815,imdb_55683,TRUE
netflix_14823,imdb_47462,TRUE
netflix_14824,imdb_55168,TRUE
netflix_14825,imdb_69697,TRUE
netflix_14826,imdb_66837,TRUE
netflix_14827,imdb_71898,TRUE
netflix_14831,imdb_40863,TRUE
netflix_14849,imdb_55964,TRUE
netflix_14851,imdb_65411,TRUE
netflix_14856,imdb_43515,TRUE
netflix_14858,imdb_30233,TRUE
netflix_14865,imdb_47854,TRUE
netflix_14873,imdb_63173,TRUE
netflix_14883,imdb_51023,TRUE
netflix_14885,imdb_31519,TRUE
netflix_14889,imdb_17688,TRUE
netflix_14895,imdb_42363,TRUE
netflix_14897,imdb_38697,TRUE
netflix_14898,imdb_47604,TRUE
netflix_14904,imdb_50375,TRUE
netflix_14906,imdb_46491,TRUE
netflix_14907,imdb_70309,TRUE
netflix_14924,imdb_55091,TRUE
netflix_14935,imdb_40400,TRUE
netflix_14942,imdb_24093,TRUE
netflix_14944,imdb_42949,TRUE
netflix_14951,imdb_32987,TRUE
netflix_14954,imdb_57751,TRUE
netflix_14958,imdb_63106,TRUE
netflix_14963,imdb_48656,TRUE
netflix_14964,imdb_45119,TRUE
netflix_14967,imdb_55410,TRUE
netflix_14975,imdb_56341,TRUE
netflix_14979,imdb_54632,TRUE
netflix_14988,imdb_63771,TRUE
netflix_14991,imdb_37231,TRUE
netflix_14995,imdb_38323,TRUE
netflix_14998,imdb_30159,TRUE
netflix_14999,imdb_51239,TRUE
netflix_15004,imdb_48047,TRUE
netflix_15007,imdb_54338,TRUE
netflix_15018,imdb_55587,TRUE
netflix_15035,imdb_47142,TRUE
netflix_15036,imdb_52144,TRUE
netflix_15037,imdb_44618,TRUE
netflix_15064,imdb_70340,TRUE
netflix_15070,imdb_21430,TRUE
netflix_15075,imdb_36951,TRUE
netflix_15078,imdb_60135,TRUE
netflix_15085,imdb_43643,TRUE
netflix_15090,imdb_55036,TRUE
netflix_15091,imdb_46688,TRUE
netflix_15093,imdb_28381,TRUE
netflix_15099,imdb_54327,TRUE
netflix_15114,imdb_64073,TRUE
netflix_15121,imdb_52145,TRUE
netflix_15129,imdb_49996,TRUE
netflix_15135,imdb_32641,TRUE
netflix_15144,imdb_69305,TRUE
netflix_15161,imdb_52106,TRUE
netflix_15162,imdb_39214,TRUE
netflix_15164,imdb_65563,TRUE
netflix_15167,imdb_62734,TRUE
netflix_15182,imdb_61027,TRUE
netflix_15191,imdb_43365,TRUE
netflix_15198,imdb_63303,TRUE
netflix_15203,imdb_44396,TRUE
netflix_15205,imdb_60507,TRUE
netflix_15212,imdb_56976,TRUE
netflix_15214,imdb_56122,TRUE
netflix_15225,imdb_49705,TRUE
netflix_15226,imdb_50278,TRUE
netflix_15232,imdb_30545,TRUE
netflix_15235,imdb_47336,TRUE
netflix_15236,imdb_40496,TRUE
netflix_15239,imdb_38616,TRUE
netflix_15275,imdb_37049,TRUE
netflix_15276,imdb_28706,TRUE
netflix_15308,imdb_40819,TRUE
netflix_15318,imdb_32891,TRUE
netflix_15320,imdb_41866,TRUE
netflix_15330,imdb_31187,TRUE
netflix_15342,imdb_60862,TRUE
netflix_15382,imdb_66802,TRUE
netflix_15394,imdb_29287,TRUE
netflix_15399,imdb_25550,TRUE
netflix_15400,imdb_49891,TRUE
netflix_15402,imdb_49521,TRUE
netflix_15403,imdb_22193,TRUE
netflix_15409,imdb_67248,TRUE
netflix_15413,imdb_43319,TRUE
netflix_15415,imdb_20595,TRUE
netflix_15420,imdb_58323,TRUE
netflix_15430,imdb_37879,TRUE
netflix_15431,imdb_19136,TRUE
netflix_15432,imdb_46580,TRUE
netflix_15433,imdb_57588,TRUE
netflix_15434,imdb_34422,TRUE
netflix_15435,imdb_38663,TRUE
netflix_15438,imdb_56165,TRUE
netflix_15449,imdb_55209,TRUE
netflix_15452,imdb_70329,TRUE
netflix_15457,imdb_48521,TRUE
netflix_15461,imdb_59833,TRUE
netflix_23,imdb_77308,TRUE
netflix_43,imdb_81991,TRUE
netflix_92,imdb_80674,TRUE
netflix_98,imdb_85250,TRUE
netflix_238,imdb_85308,TRUE
netflix_416,imdb_84893,TRUE
netflix_425,imdb_84866,TRUE
netflix_490,imdb_63086,TRUE
netflix_533,imdb_53191,TRUE
netflix_649,imdb_55201,TRUE
netflix_650,imdb_51733,TRUE
netflix_721,imdb_83852,TRUE
netflix_751,imdb_63974,TRUE
netflix_753,imdb_83805,TRUE
netflix_762,imdb_23939,TRUE
netflix_841,imdb_24617,TRUE
netflix_842,imdb_25952,TRUE
netflix_973,imdb_77407,TRUE
netflix_1110,imdb_78470,TRUE
netflix_1132,imdb_65763,TRUE
netflix_1270,imdb_33488,TRUE
netflix_1298,imdb_83932,TRUE
netflix_1326,imdb_84451,TRUE
netflix_1431,imdb_80227,TRUE
netflix_1680,imdb_53842,TRUE
netflix_1721,imdb_82239,TRUE
netflix_1767,imdb_80627,TRUE
netflix_2094,imdb_84444,TRUE
netflix_2134,imdb_83528,TRUE
netflix_2529,imdb_53521,TRUE
netflix_2535,imdb_75788,TRUE
netflix_2542,imdb_84904,TRUE
netflix_2547,imdb_76653,TRUE
netflix_2548,imdb_80152,TRUE
netflix_2555,imdb_80063,TRUE
netflix_2559,imdb_82247,TRUE
netflix_2563,imdb_74170,TRUE
netflix_2566,imdb_83767,TRUE
netflix_2760,imdb_45396,TRUE
netflix_2784,imdb_83734,TRUE
netflix_2822,imdb_81242,TRUE
netflix_3153,imdb_78426,TRUE
netflix_3163,imdb_85517,TRUE
netflix_3212,imdb_52763,TRUE
netflix_3353,imdb_79436,TRUE
netflix_3382,imdb_82429,TRUE
netflix_3412,imdb_50472,TRUE
netflix_3494,imdb_74036,TRUE
netflix_3591,imdb_84808,TRUE
netflix_3702,imdb_54747,TRUE
netflix_3746,imdb_74138,TRUE
netflix_3822,imdb_72484,TRUE
netflix_3862,imdb_84849,TRUE
netflix_3868,imdb_52408,TRUE
netflix_3894,imdb_78969,TRUE
netflix_3895,imdb_80562,TRUE
netflix_4031,imdb_85722,TRUE
netflix_4107,imdb_83742,TRUE
netflix_4140,imdb_82877,TRUE
netflix_4143,imdb_79764,TRUE
netflix_4191,imdb_66432,TRUE
netflix_4339,imdb_78533,TRUE
netflix_4372,imdb_84475,TRUE
netflix_4473,imdb_65402,TRUE
netflix_4497,imdb_79423,TRUE
netflix_4499,imdb_65406,TRUE
netflix_4622,imdb_84387,TRUE
netflix_4637,imdb_56962,TRUE
netflix_4642,imdb_83863,TRUE
netflix_4766,imdb_81922,TRUE
netflix_4775,imdb_76612,TRUE
netflix_4805,imdb_84675,TRUE
netflix_4812,imdb_64810,TRUE
netflix_4813,imdb_62708,TRUE
netflix_4851,imdb_78924,TRUE
netflix_4854,imdb_82485,TRUE
netflix_4889,imdb_85440,TRUE
netflix_5052,imdb_84040,TRUE
netflix_5055,imdb_81567,TRUE
netflix_5120,imdb_74058,TRUE
netflix_5153,imdb_83282,TRUE
netflix_5191,imdb_75578,TRUE
netflix_5199,imdb_75557,TRUE
netflix_5251,imdb_82449,TRUE
netflix_5332,imdb_74751,TRUE
netflix_5363,imdb_10751,TRUE
netflix_5458,imdb_28584,TRUE
netflix_5569,imdb_67163,TRUE
netflix_5612,imdb_61177,TRUE
netflix_5631,imdb_72692,TRUE
netflix_5690,imdb_62152,TRUE
netflix_5691,imdb_62136,TRUE
netflix_5693,imdb_77404,TRUE
netflix_5696,imdb_78166,TRUE
netflix_5731,imdb_84761,TRUE
netflix_5741,imdb_65865,TRUE
netflix_5751,imdb_76935,TRUE
netflix_5781,imdb_72068,TRUE
netflix_5809,imdb_79602,TRUE
netflix_5840,imdb_81600,TRUE
netflix_5842,imdb_75755,TRUE
netflix_5845,imdb_69693,TRUE
netflix_5846,imdb_73026,TRUE
netflix_5889,imdb_76623,TRUE
netflix_5912,imdb_55839,TRUE
netflix_5913,imdb_26083,TRUE
netflix_5918,imdb_79150,TRUE
netflix_5942,imdb_70332,TRUE
netflix_5972,imdb_73733,TRUE
netflix_5990,imdb_80173,TRUE
netflix_6030,imdb_77565,TRUE
netflix_6082,imdb_83084,TRUE
netflix_6110,imdb_84678,TRUE
netflix_6115,imdb_74837,TRUE
netflix_6116,imdb_72584,TRUE
netflix_6129,imdb_81090,TRUE
netflix_6144,imdb_48813,TRUE
netflix_6194,imdb_83242,TRUE
netflix_6249,imdb_72050,TRUE
netflix_6256,imdb_78685,TRUE
netflix_6295,imdb_67965,TRUE
netflix_6358,imdb_73539,TRUE
netflix_6397,imdb_67908,TRUE
netflix_6412,imdb_71103,TRUE
netflix_6413,imdb_73546,TRUE
netflix_6441,imdb_85120,TRUE
netflix_6514,imdb_81971,TRUE
netflix_6651,imdb_64486,TRUE
netflix_6669,imdb_63039,TRUE
netflix_6710,imdb_81075,TRUE
netflix_6772,imdb_77866,TRUE
netflix_6774,imdb_77646,TRUE
netflix_6819,imdb_76873,TRUE
netflix_6844,imdb_70438,TRUE
netflix_6845,imdb_61315,TRUE
netflix_6880,imdb_66272,TRUE
netflix_6881,imdb_49970,TRUE
netflix_6991,imdb_68565,TRUE
netflix_7138,imdb_38652,TRUE
netflix_7147,imdb_78757,TRUE
netflix_7167,imdb_52960,TRUE
netflix_7201,imdb_74305,TRUE
netflix_7212,imdb_80287,TRUE
netflix_7254,imdb_64164,TRUE
netflix_7257,imdb_79834,TRUE
netflix_7319,imdb_78672,TRUE
netflix_7321,imdb_82082,TRUE
netflix_7329,imdb_63138,TRUE
netflix_7360,imdb_55935,TRUE
netflix_7951,imdb_85556,TRUE
netflix_8029,imdb_79545,TRUE
netflix_8151,imdb_54961,TRUE
netflix_8153,imdb_63117,TRUE
netflix_8165,imdb_23785,TRUE
netflix_8197,imdb_62724,TRUE
netflix_8223,imdb_57813,TRUE
netflix_8260,imdb_35133,TRUE
netflix_8267,imdb_64278,TRUE
netflix_8290,imdb_78298,TRUE
netflix_8301,imdb_67815,TRUE
netflix_8332,imdb_62777,TRUE
netflix_8504,imdb_78181,TRUE
netflix_8505,imdb_78488,TRUE
netflix_8515,imdb_80630,TRUE
netflix_8523,imdb_76865,TRUE
netflix_8543,imdb_83457,TRUE
netflix_8545,imdb_78971,TRUE
netflix_8667,imdb_78526,TRUE
netflix_8681,imdb_71354,TRUE
netflix_8697,imdb_79269,TRUE
netflix_8724,imdb_73965,TRUE
netflix_8831,imdb_63841,TRUE
netflix_8869,imdb_80914,TRUE
netflix_8880,imdb_33902,TRUE
netflix_8931,imdb_78843,TRUE
netflix_8997,imdb_78497,TRUE
netflix_9129,imdb_72709,TRUE
netflix_9147,imdb_62689,TRUE
netflix_9161,imdb_77764,TRUE
netflix_9164,imdb_74657,TRUE
netflix_9190,imdb_79173,TRUE
netflix_9241,imdb_58224,TRUE
netflix_9251,imdb_77397,TRUE
netflix_9345,imdb_56539,TRUE
netflix_9511,imdb_71110,TRUE
netflix_9537,imdb_64497,TRUE
netflix_9559,imdb_69961,TRUE
netflix_9584,imdb_76956,TRUE
netflix_9619,imdb_77822,TRUE
netflix_9634,imdb_69624,TRUE
netflix_9670,imdb_77090,TRUE
netflix_9724,imdb_74748,TRUE
netflix_9735,imdb_75928,TRUE
netflix_9753,imdb_72910,TRUE
netflix_9775,imdb_66496,TRUE
netflix_9825,imdb_51474,TRUE
netflix_9849,imdb_56135,TRUE
netflix_9859,imdb_72295,TRUE
netflix_9908,imdb_71780,TRUE
netflix_9910,imdb_74075,TRUE
netflix_9938,imdb_3672,TRUE
netflix_9951,imdb_29959,TRUE
netflix_10013,imdb_58486,TRUE
netflix_10090,imdb_60935,TRUE
netflix_10208,imdb_68259,TRUE
netflix_10250,imdb_76717,TRUE
netflix_10275,imdb_70993,TRUE
netflix_10315,imdb_78474,TRUE
netflix_10332,imdb_79097,TRUE
netflix_10445,imdb_75290,TRUE
netflix_10546,imdb_71897,TRUE
netflix_10577,imdb_72877,TRUE
netflix_10599,imdb_74961,TRUE
netflix_10621,imdb_33609,TRUE
netflix_10671,imdb_74672,TRUE
netflix_10719,imdb_68592,TRUE
netflix_10722,imdb_68901,TRUE
netflix_10730,imdb_71796,TRUE
netflix_10750,imdb_40142,TRUE
netflix_10759,imdb_65226,TRUE
netflix_10772,imdb_66690,TRUE
netflix_10795,imdb_40865,TRUE
netflix_10823,imdb_48881,TRUE
netflix_10830,imdb_70064,TRUE
netflix_10882,imdb_67342,TRUE
netflix_10885,imdb_70761,TRUE
netflix_10886,imdb_68012,TRUE
netflix_10889,imdb_27161,TRUE
netflix_10914,imdb_77791,TRUE
netflix_10964,imdb_68049,TRUE
netflix_10969,imdb_55251,TRUE
netflix_10974,imdb_75854,TRUE
netflix_10989,imdb_21028,TRUE
netflix_11014,imdb_59079,TRUE
netflix_11018,imdb_51313,TRUE
netflix_11020,imdb_75028,TRUE
netflix_11101,imdb_72962,TRUE
netflix_11167,imdb_72384,TRUE
netflix_11180,imdb_69130,TRUE
netflix_11232,imdb_72355,TRUE
netflix_11254,imdb_74523,TRUE
netflix_11289,imdb_69212,TRUE
netflix_11349,imdb_69053,TRUE
netflix_11428,imdb_69176,TRUE
netflix_11441,imdb_61099,TRUE
netflix_11452,imdb_55885,TRUE
netflix_11510,imdb_30838,TRUE
netflix_11546,imdb_42558,TRUE
netflix_11562,imdb_72592,TRUE
netflix_11628,imdb_68110,TRUE
netflix_11635,imdb_75565,TRUE
netflix_11689,imdb_72502,TRUE
netflix_11692,imdb_67452,TRUE
netflix_11714,imdb_70569,TRUE
netflix_11742,imdb_71412,TRUE
netflix_11752,imdb_70638,TRUE
netflix_11753,imdb_74711,TRUE
netflix_11765,imdb_21340,TRUE
netflix_11773,imdb_63150,TRUE
netflix_11819,imdb_68716,TRUE
netflix_11871,imdb_55910,TRUE
netflix_11935,imdb_75137,TRUE
netflix_11944,imdb_28132,TRUE
netflix_12043,imdb_44027,TRUE
netflix_12044,imdb_43808,TRUE
netflix_12072,imdb_65423,TRUE
netflix_12078,imdb_49371,TRUE
netflix_12124,imdb_57923,TRUE
netflix_12137,imdb_55924,TRUE
netflix_12141,imdb_18285,TRUE
netflix_12178,imdb_18994,TRUE
netflix_12187,imdb_70480,TRUE
netflix_12189,imdb_38164,TRUE
netflix_12244,imdb_22141,TRUE
netflix_12317,imdb_65929,TRUE
netflix_12321,imdb_72725,TRUE
netflix_12334,imdb_70202,TRUE
netflix_12341,imdb_64512,TRUE
netflix_12345,imdb_64485,TRUE
netflix_12350,imdb_18782,TRUE
netflix_12430,imdb_43837,TRUE
netflix_12447,imdb_20367,TRUE
netflix_12459,imdb_63053,TRUE
netflix_12460,imdb_62095,TRUE
netflix_12485,imdb_48393,TRUE
netflix_12607,imdb_42734,TRUE
netflix_12633,imdb_50523,TRUE
netflix_12643,imdb_50957,TRUE
netflix_12645,imdb_50724,TRUE
netflix_12682,imdb_78702,TRUE
netflix_13266,imdb_44695,TRUE
netflix_13268,imdb_51914,TRUE
netflix_13269,imdb_51308,TRUE
netflix_13275,imdb_48728,TRUE
netflix_13276,imdb_44850,TRUE
netflix_13288,imdb_49380,TRUE
netflix_13353,imdb_59517,TRUE
netflix_13380,imdb_45592,TRUE
netflix_13387,imdb_43021,TRUE
netflix_13407,imdb_60498,TRUE
netflix_13413,imdb_53637,TRUE
netflix_13446,imdb_51644,TRUE
netflix_13478,imdb_46033,TRUE
netflix_13527,imdb_50162,TRUE
netflix_13548,imdb_49305,TRUE
netflix_13576,imdb_68982,TRUE
netflix_13632,imdb_55097,TRUE
netflix_13637,imdb_48064,TRUE
netflix_13639,imdb_61385,TRUE
netflix_13704,imdb_29274,TRUE
netflix_13746,imdb_62661,TRUE
netflix_13753,imdb_47392,TRUE
netflix_13767,imdb_57687,TRUE
netflix_13810,imdb_63315,TRUE
netflix_13812,imdb_65381,TRUE
netflix_13856,imdb_31247,TRUE
netflix_13964,imdb_66700,TRUE
netflix_13986,imdb_66817,TRUE
netflix_14028,imdb_34092,TRUE
netflix_14038,imdb_60814,TRUE
netflix_14080,imdb_64249,TRUE
netflix_14084,imdb_47460,TRUE
netflix_14092,imdb_61002,TRUE
netflix_14121,imdb_17753,TRUE
netflix_14146,imdb_51567,TRUE
netflix_14150,imdb_28769,TRUE
netflix_14192,imdb_58400,TRUE
netflix_14207,imdb_46622,TRUE
netflix_14219,imdb_54229,TRUE
netflix_14246,imdb_41886,TRUE
netflix_14251,imdb_46763,TRUE
netflix_14320,imdb_31346,TRUE
netflix_14329,imdb_40543,TRUE
netflix_14386,imdb_58007,TRUE
netflix_14396,imdb_56266,TRUE
netflix_14418,imdb_49692,TRUE
netflix_14446,imdb_59697,TRUE
netflix_14492,imdb_46579,TRUE
netflix_14521,imdb_20262,TRUE
netflix_14522,imdb_50071,TRUE
netflix_14560,imdb_46973,TRUE
netflix_14578,imdb_49912,TRUE
netflix_14596,imdb_10455,TRUE
netflix_14604,imdb_38482,TRUE
netflix_14618,imdb_27629,TRUE
netflix_14638,imdb_51772,TRUE
netflix_14688,imdb_42659,TRUE
netflix_14700,imdb_46454,TRUE
netflix_14716,imdb_45524,TRUE
netflix_14733,imdb_47190,TRUE
netflix_14755,imdb_43270,TRUE
netflix_14803,imdb_55255,TRUE
netflix_14837,imdb_56563,TRUE
netflix_14861,imdb_58230,TRUE
netflix_14940,imdb_55466,TRUE
netflix_15005,imdb_70472,TRUE
netflix_15009,imdb_41492,TRUE
netflix_15076,imdb_60830,TRUE
netflix_15120,imdb_61407,TRUE
netflix_15143,imdb_57752,TRUE
netflix_15145,imdb_54575,TRUE
netflix_15302,imdb_54449,TRUE
netflix_15353,imdb_62825,TRUE
netflix_15365,imdb_59765,TRUE
netflix_15381,imdb_50920,TRUE
netflix_15421,imdb_64441,TRUE
netflix_15427,imdb_35351,TRUE
netflix_15445,imdb_62555,TRUE
netflix_15462,imdb_58879,TRUE
netflix_6911,imdb_3461,FALSE
netflix_6913,imdb_83855,FALSE
netflix_6921,imdb_24107,FALSE
netflix_6922,imdb_31371,FALSE
netflix_6924,imdb_59513,FALSE
netflix_6931,imdb_36864,FALSE
netflix_6936,imdb_11440,FALSE
netflix_6950,imdb_26654,FALSE
netflix_6958,imdb_2394,FALSE
netflix_6960,imdb_40638,FALSE
netflix_6963,imdb_24536,FALSE
netflix_6964,imdb_49940,FALSE
netflix_6973,imdb_68537,FALSE
netflix_6975,imdb_40644,FALSE
netflix_6976,imdb_15506,FALSE
netflix_6989,imdb_63978,FALSE
netflix_6999,imdb_15901,FALSE
netflix_7000,imdb_81128,FALSE
netflix_7017,imdb_53267,FALSE
netflix_7018,imdb_36369,FALSE
netflix_7019,imdb_26407,FALSE
netflix_7037,imdb_1510,FALSE
netflix_7052,imdb_81661,FALSE
netflix_7058,imdb_85387,FALSE
netflix_7059,imdb_84708,FALSE
netflix_7085,imdb_45089,FALSE
netflix_7092,imdb_73865,FALSE
netflix_7097,imdb_54805,FALSE
netflix_7099,imdb_48458,FALSE
netflix_7103,imdb_55675,FALSE
netflix_7131,imdb_79296,FALSE
netflix_7132,imdb_36570,FALSE
netflix_7134,imdb_60000,FALSE
netflix_7136,imdb_58207,FALSE
netflix_7141,imdb_82930,FALSE
netflix_7142,imdb_6013,FALSE
netflix_7143,imdb_85686,FALSE
netflix_7145,imdb_32034,FALSE
netflix_7150,imdb_31888,FALSE
netflix_7153,imdb_84309,FALSE
netflix_7157,imdb_22105,FALSE
netflix_7160,imdb_1547,FALSE
netflix_7161,imdb_85281,FALSE
netflix_7166,imdb_22711,FALSE
netflix_7181,imdb_60972,FALSE
netflix_7186,imdb_8563,FALSE
netflix_7189,imdb_669,FALSE
netflix_7191,imdb_27460,FALSE
netflix_7200,imdb_65213,FALSE
netflix_7221,imdb_43278,FALSE
netflix_7223,imdb_14472,FALSE
netflix_7225,imdb_60658,FALSE
netflix_7248,imdb_21804,FALSE
netflix_7259,imdb_54080,FALSE
netflix_7269,imdb_77925,FALSE
netflix_7270,imdb_4103,FALSE
netflix_7271,imdb_18185,FALSE
netflix_7286,imdb_51260,FALSE
netflix_7294,imdb_24000,FALSE
netflix_7299,imdb_15065,FALSE
netflix_7300,imdb_40281,FALSE
netflix_7301,imdb_17186,FALSE
netflix_7305,imdb_38573,FALSE
netflix_7311,imdb_70316,FALSE
netflix_7320,imdb_78091,FALSE
netflix_7323,imdb_273,FALSE
netflix_7324,imdb_56833,FALSE
netflix_7326,imdb_84572,FALSE
netflix_7338,imdb_6975,FALSE
netflix_7344,imdb_28417,FALSE
netflix_7358,imdb_11620,FALSE
netflix_7376,imdb_6215,FALSE
netflix_7400,imdb_54684,FALSE
netflix_7458,imdb_83275,FALSE
netflix_7640,imdb_68984,FALSE
netflix_7753,imdb_14889,FALSE
netflix_7895,imdb_38420,FALSE
netflix_8032,imdb_66926,FALSE
netflix_8043,imdb_80945,FALSE
netflix_8068,imdb_60114,FALSE
netflix_8074,imdb_30803,FALSE
netflix_8100,imdb_79235,FALSE
netflix_8152,imdb_26165,FALSE
netflix_8154,imdb_79070,FALSE
netflix_8155,imdb_83780,FALSE
netflix_8156,imdb_83713,FALSE
netflix_8157,imdb_50805,FALSE
netflix_8158,imdb_43027,FALSE
netflix_8182,imdb_26958,FALSE
netflix_8183,imdb_66875,FALSE
netflix_8185,imdb_64416,FALSE
netflix_8208,imdb_67091,FALSE
netflix_8209,imdb_75303,FALSE
netflix_8211,imdb_52839,FALSE
netflix_8221,imdb_1881,FALSE
netflix_8224,imdb_56071,FALSE
netflix_8233,imdb_12127,FALSE
netflix_8241,imdb_32131,FALSE
netflix_8247,imdb_56002,FALSE
netflix_8248,imdb_64845,FALSE
netflix_8249,imdb_52201,FALSE
netflix_8263,imdb_172,FALSE
netflix_8268,imdb_76500,FALSE
netflix_8270,imdb_67078,FALSE
netflix_8271,imdb_36905,FALSE
netflix_8272,imdb_10311,FALSE
netflix_8274,imdb_32137,FALSE
netflix_8275,imdb_72699,FALSE
netflix_8276,imdb_6494,FALSE
netflix_8278,imdb_66739,FALSE
netflix_8279,imdb_50020,FALSE
netflix_8287,imdb_24444,FALSE
netflix_8291,imdb_82662,FALSE
netflix_8293,imdb_25086,FALSE
netflix_8295,imdb_73467,FALSE
netflix_8299,imdb_17195,FALSE
netflix_8300,imdb_57718,FALSE
netflix_8309,imdb_10228,FALSE
netflix_8312,imdb_41844,FALSE
netflix_8314,imdb_6681,FALSE
netflix_8315,imdb_15874,FALSE
netflix_8316,imdb_48142,FALSE
netflix_8318,imdb_9154,FALSE
netflix_8320,imdb_79719,FALSE
netflix_8327,imdb_14083,FALSE
netflix_8328,imdb_42550,FALSE
netflix_8329,imdb_22522,FALSE
netflix_8330,imdb_48832,FALSE
netflix_8331,imdb_1015,FALSE
netflix_8333,imdb_61224,FALSE
netflix_8335,imdb_76384,FALSE
netflix_8340,imdb_20882,FALSE
netflix_8342,imdb_37638,FALSE
netflix_8343,imdb_64162,FALSE
netflix_8350,imdb_53367,FALSE
netflix_8353,imdb_82414,FALSE
netflix_8358,imdb_24988,FALSE
netflix_8360,imdb_34723,FALSE
netflix_8370,imdb_49272,FALSE
netflix_8372,imdb_74098,FALSE
netflix_8378,imdb_45348,FALSE
netflix_8379,imdb_16187,FALSE
netflix_8380,imdb_29700,FALSE
netflix_8386,imdb_73940,FALSE
netflix_8397,imdb_47889,FALSE
netflix_8399,imdb_10752,FALSE
netflix_8410,imdb_41663,FALSE
netflix_8418,imdb_23924,FALSE
netflix_8419,imdb_14600,FALSE
netflix_8426,imdb_15714,FALSE
netflix_8431,imdb_64847,FALSE
netflix_8433,imdb_53602,FALSE
netflix_8434,imdb_42070,FALSE
netflix_8435,imdb_83772,FALSE
netflix_8440,imdb_48897,FALSE
netflix_8448,imdb_54353,FALSE
netflix_8450,imdb_63145,FALSE
netflix_8457,imdb_46112,FALSE
netflix_8460,imdb_34555,FALSE
netflix_8461,imdb_44487,FALSE
netflix_8463,imdb_56492,FALSE
netflix_8465,imdb_51068,FALSE
netflix_8479,imdb_77275,FALSE
netflix_8491,imdb_404,FALSE
netflix_8494,imdb_39048,FALSE
netflix_8507,imdb_85258,FALSE
netflix_8511,imdb_41340,FALSE
netflix_8512,imdb_13453,FALSE
netflix_8525,imdb_17925,FALSE
netflix_8528,imdb_54855,FALSE
netflix_8530,imdb_27104,FALSE
netflix_8536,imdb_11813,FALSE
netflix_8538,imdb_44627,FALSE
netflix_8558,imdb_11407,FALSE
netflix_8561,imdb_81919,FALSE
netflix_8564,imdb_74949,FALSE
netflix_8568,imdb_49152,FALSE
netflix_8572,imdb_16629,FALSE
netflix_8573,imdb_46421,FALSE
netflix_8574,imdb_57613,FALSE
netflix_8576,imdb_38145,FALSE
netflix_8583,imdb_18635,FALSE
netflix_8588,imdb_23317,FALSE
netflix_8599,imdb_9063,FALSE
netflix_8606,imdb_85313,FALSE
netflix_8609,imdb_25296,FALSE
netflix_8627,imdb_65106,FALSE
netflix_8628,imdb_39295,FALSE
netflix_8631,imdb_44405,FALSE
netflix_8634,imdb_27218,FALSE
netflix_8659,imdb_27296,FALSE
netflix_8660,imdb_4185,FALSE
netflix_8691,imdb_17092,FALSE
netflix_8693,imdb_27495,FALSE
netflix_8694,imdb_8155,FALSE
netflix_8695,imdb_60195,FALSE
netflix_8698,imdb_7332,FALSE
netflix_8699,imdb_6898,FALSE
netflix_8700,imdb_65964,FALSE
netflix_8708,imdb_52253,FALSE
netflix_8731,imdb_28108,FALSE
netflix_8732,imdb_10098,FALSE
netflix_8742,imdb_35688,FALSE
netflix_8759,imdb_29989,FALSE
netflix_8767,imdb_50415,FALSE
netflix_8781,imdb_70828,FALSE
netflix_8787,imdb_72556,FALSE
netflix_8788,imdb_7809,FALSE
netflix_8791,imdb_71454,FALSE
netflix_8794,imdb_14686,FALSE
netflix_8802,imdb_5326,FALSE
netflix_8808,imdb_862,FALSE
netflix_8823,imdb_78721,FALSE
netflix_8824,imdb_7444,FALSE
netflix_8826,imdb_60531,FALSE
netflix_8827,imdb_79404,FALSE
netflix_8837,imdb_76314,FALSE
netflix_8839,imdb_55117,FALSE
netflix_8843,imdb_82232,FALSE
netflix_8855,imdb_15698,FALSE
netflix_8857,imdb_64252,FALSE
netflix_8858,imdb_69112,FALSE
netflix_8861,imdb_48805,FALSE
netflix_8865,imdb_80570,FALSE
netflix_8868,imdb_5310,FALSE
netflix_8870,imdb_84564,FALSE
netflix_8878,imdb_33138,FALSE
netflix_8882,imdb_9857,FALSE
netflix_8884,imdb_20218,FALSE
netflix_8890,imdb_68897,FALSE
netflix_8893,imdb_53393,FALSE
netflix_8894,imdb_460,FALSE
netflix_8897,imdb_13060,FALSE
netflix_8899,imdb_54831,FALSE
netflix_8903,imdb_23240,FALSE
netflix_8904,imdb_23241,FALSE
netflix_8923,imdb_17212,FALSE
netflix_8928,imdb_17443,FALSE
netflix_8937,imdb_22487,FALSE
netflix_8949,imdb_67582,FALSE
netflix_8953,imdb_6397,FALSE
netflix_8961,imdb_29729,FALSE
netflix_8971,imdb_64467,FALSE
netflix_8974,imdb_59504,FALSE
netflix_8975,imdb_32857,FALSE
netflix_8990,imdb_2331,FALSE
netflix_8994,imdb_29845,FALSE
netflix_9000,imdb_1075,FALSE
netflix_9001,imdb_59289,FALSE
netflix_9004,imdb_34300,FALSE
netflix_9009,imdb_44193,FALSE
netflix_9013,imdb_61818,FALSE
netflix_9018,imdb_40629,FALSE
netflix_9019,imdb_28491,FALSE
netflix_9031,imdb_62499,FALSE
netflix_9037,imdb_71181,FALSE
netflix_9056,imdb_37033,FALSE
netflix_9061,imdb_23903,FALSE
netflix_9082,imdb_60997,FALSE
netflix_9099,imdb_33679,FALSE
netflix_9103,imdb_75563,FALSE
netflix_9104,imdb_16475,FALSE
netflix_9108,imdb_31995,FALSE
netflix_9150,imdb_80395,FALSE
netflix_9166,imdb_37249,FALSE
netflix_9186,imdb_31855,FALSE
netflix_9188,imdb_80710,FALSE
netflix_9194,imdb_67888,FALSE
netflix_9195,imdb_18361,FALSE
netflix_9199,imdb_420,FALSE
netflix_9202,imdb_24054,FALSE
netflix_9211,imdb_3585,FALSE
netflix_9227,imdb_17325,FALSE
netflix_9229,imdb_74543,FALSE
netflix_9233,imdb_51290,FALSE
netflix_9237,imdb_79416,FALSE
netflix_9239,imdb_69196,FALSE
netflix_9240,imdb_48729,FALSE
netflix_9242,imdb_27069,FALSE
netflix_9248,imdb_36284,FALSE
netflix_9249,imdb_57772,FALSE
netflix_9250,imdb_40600,FALSE
netflix_9256,imdb_37742,FALSE
netflix_9257,imdb_3727,FALSE
netflix_9264,imdb_42654,FALSE
netflix_9266,imdb_10313,FALSE
netflix_9267,imdb_2966,FALSE
netflix_9268,imdb_54797,FALSE
netflix_9271,imdb_5204,FALSE
netflix_9286,imdb_51437,FALSE
netflix_9292,imdb_41928,FALSE
netflix_9296,imdb_20638,FALSE
netflix_9298,imdb_50244,FALSE
netflix_9303,imdb_19812,FALSE
netflix_9306,imdb_67799,FALSE
netflix_9309,imdb_23790,FALSE
netflix_9316,imdb_24677,FALSE
netflix_9325,imdb_27264,FALSE
netflix_9331,imdb_59777,FALSE
netflix_9332,imdb_22391,FALSE
netflix_9335,imdb_61702,FALSE
netflix_9356,imdb_17215,FALSE
netflix_9366,imdb_80095,FALSE
netflix_9367,imdb_65681,FALSE
netflix_9375,imdb_71064,FALSE
netflix_9376,imdb_68205,FALSE
netflix_9381,imdb_28509,FALSE
netflix_9388,imdb_55576,FALSE
netflix_9395,imdb_23677,FALSE
netflix_9396,imdb_41898,FALSE
netflix_9397,imdb_21419,FALSE
netflix_9412,imdb_26398,FALSE
netflix_9421,imdb_62077,FALSE
netflix_9429,imdb_55003,FALSE
netflix_9431,imdb_56032,FALSE
netflix_9442,imdb_37837,FALSE
netflix_9444,imdb_71474,FALSE
netflix_9459,imdb_24696,FALSE
netflix_9477,imdb_80654,FALSE
netflix_9515,imdb_61217,FALSE
netflix_9516,imdb_29299,FALSE
netflix_9533,imdb_81736,FALSE
netflix_9536,imdb_57785,FALSE
netflix_9548,imdb_62633,FALSE
netflix_9551,imdb_16238,FALSE
netflix_9556,imdb_8172,FALSE
netflix_9569,imdb_67978,FALSE
netflix_9576,imdb_6947,FALSE
netflix_9583,imdb_77004,FALSE
netflix_9602,imdb_36622,FALSE
netflix_9611,imdb_4329,FALSE
netflix_9644,imdb_85410,FALSE
netflix_9649,imdb_66323,FALSE
netflix_9652,imdb_35786,FALSE
netflix_9654,imdb_8821,FALSE
netflix_9655,imdb_82318,FALSE
netflix_9683,imdb_26344,FALSE
netflix_9686,imdb_27360,FALSE
netflix_9706,imdb_22698,FALSE
netflix_9726,imdb_44528,FALSE
netflix_9730,imdb_83516,FALSE
netflix_9731,imdb_37652,FALSE
netflix_9733,imdb_42170,FALSE
netflix_9758,imdb_85676,FALSE
netflix_9759,imdb_26350,FALSE
netflix_9761,imdb_80532,FALSE
netflix_9762,imdb_39134,FALSE
netflix_9768,imdb_58494,FALSE
netflix_9772,imdb_21560,FALSE
netflix_9774,imdb_2661,FALSE
netflix_9781,imdb_46050,FALSE
netflix_9789,imdb_83233,FALSE
netflix_9790,imdb_19163,FALSE
netflix_9791,imdb_11105,FALSE
netflix_9792,imdb_81131,FALSE
netflix_9793,imdb_70695,FALSE
netflix_9794,imdb_46536,FALSE
netflix_9797,imdb_37943,FALSE
netflix_9800,imdb_40944,FALSE
netflix_9803,imdb_48836,FALSE
netflix_9806,imdb_52143,FALSE
netflix_9811,imdb_12553,FALSE
netflix_9826,imdb_50827,FALSE
netflix_9827,imdb_8209,FALSE
netflix_9845,imdb_36758,FALSE
netflix_9846,imdb_68875,FALSE
netflix_9854,imdb_66397,FALSE
netflix_9860,imdb_36012,FALSE
netflix_9862,imdb_74512,FALSE
netflix_9866,imdb_33929,FALSE
netflix_9875,imdb_59986,FALSE
netflix_9879,imdb_32575,FALSE
netflix_9880,imdb_16058,FALSE
netflix_9895,imdb_37016,FALSE
netflix_9900,imdb_18099,FALSE
netflix_9901,imdb_42255,FALSE
netflix_9925,imdb_13479,FALSE
netflix_9929,imdb_42266,FALSE
netflix_9931,imdb_19750,FALSE
netflix_9932,imdb_79827,FALSE
netflix_9933,imdb_39970,FALSE
netflix_9934,imdb_83655,FALSE
netflix_9936,imdb_44139,FALSE
netflix_9937,imdb_67963,FALSE
netflix_9940,imdb_32238,FALSE
netflix_9946,imdb_18913,FALSE
netflix_9952,imdb_29343,FALSE
netflix_9955,imdb_59061,FALSE
netflix_9957,imdb_41366,FALSE
netflix_9958,imdb_21026,FALSE
netflix_9964,imdb_58467,FALSE
netflix_9970,imdb_2411,FALSE
netflix_9978,imdb_50707,FALSE
netflix_9982,imdb_54321,FALSE
netflix_9983,imdb_4931,FALSE
netflix_9984,imdb_54779,FALSE
netflix_9986,imdb_73837,FALSE
netflix_9988,imdb_3160,FALSE
netflix_9989,imdb_68918,FALSE
netflix_9990,imdb_67802,FALSE
netflix_9991,imdb_26311,FALSE
netflix_9992,imdb_19659,FALSE
netflix_9993,imdb_14547,FALSE
netflix_9994,imdb_56280,FALSE
netflix_9995,imdb_57728,FALSE
netflix_9996,imdb_57107,FALSE
netflix_9998,imdb_36194,FALSE
netflix_9999,imdb_21754,FALSE
netflix_10000,imdb_11329,FALSE
netflix_10001,imdb_61617,FALSE
netflix_10015,imdb_50604,FALSE
netflix_10022,imdb_32847,FALSE
netflix_10028,imdb_6879,FALSE
netflix_10033,imdb_53831,FALSE
netflix_10045,imdb_56291,FALSE
netflix_10047,imdb_80531,FALSE
netflix_10055,imdb_82268,FALSE
netflix_10063,imdb_39530,FALSE
netflix_10066,imdb_61043,FALSE
netflix_10067,imdb_52574,FALSE
netflix_10068,imdb_37217,FALSE
netflix_10069,imdb_15344,FALSE
netflix_10076,imdb_43914,FALSE
netflix_10087,imdb_2121,FALSE
netflix_10118,imdb_21832,FALSE
netflix_10119,imdb_63592,FALSE
netflix_10124,imdb_14837,FALSE
netflix_10125,imdb_79004,FALSE
netflix_10126,imdb_32890,FALSE
netflix_10129,imdb_22212,FALSE
netflix_10130,imdb_47221,FALSE
netflix_10132,imdb_70505,FALSE
netflix_10140,imdb_44520,FALSE
netflix_10157,imdb_59864,FALSE
netflix_10160,imdb_403,FALSE
netflix_10170,imdb_59893,FALSE
netflix_10172,imdb_67448,FALSE
netflix_10174,imdb_46950,FALSE
netflix_10176,imdb_21971,FALSE
netflix_10184,imdb_67374,FALSE
netflix_10196,imdb_11318,FALSE
netflix_10199,imdb_5814,FALSE
netflix_10218,imdb_82869,FALSE
netflix_10226,imdb_12165,FALSE
netflix_10238,imdb_31729,FALSE
netflix_10239,imdb_161,FALSE
netflix_10240,imdb_79255,FALSE
netflix_10242,imdb_61406,FALSE
netflix_10252,imdb_77255,FALSE
netflix_10261,imdb_46272,FALSE
netflix_10287,imdb_8495,FALSE
netflix_10289,imdb_19374,FALSE
netflix_10290,imdb_55356,FALSE
netflix_10291,imdb_30447,FALSE
netflix_10302,imdb_40585,FALSE
netflix_10309,imdb_48476,FALSE
netflix_10321,imdb_75664,FALSE
netflix_10323,imdb_50247,FALSE
netflix_10330,imdb_70242,FALSE
netflix_10333,imdb_31217,FALSE
netflix_10340,imdb_31339,FALSE
netflix_10347,imdb_58331,FALSE
netflix_10357,imdb_82626,FALSE
netflix_10359,imdb_69126,FALSE
netflix_10360,imdb_77478,FALSE
netflix_10368,imdb_51458,FALSE
netflix_10373,imdb_28193,FALSE
netflix_10374,imdb_666,FALSE
netflix_10391,imdb_21487,FALSE
netflix_10395,imdb_29234,FALSE
netflix_10398,imdb_56553,FALSE
netflix_10400,imdb_5045,FALSE
netflix_10402,imdb_35547,FALSE
netflix_10408,imdb_8551,FALSE
netflix_10411,imdb_16470,FALSE
netflix_10417,imdb_26822,FALSE
netflix_10422,imdb_39578,FALSE
netflix_10429,imdb_12125,FALSE
netflix_10434,imdb_32699,FALSE
netflix_10447,imdb_29764,FALSE
netflix_10452,imdb_29679,FALSE
netflix_10457,imdb_43431,FALSE
netflix_10460,imdb_12183,FALSE
netflix_10470,imdb_23392,FALSE
netflix_10479,imdb_28940,FALSE
netflix_10484,imdb_24277,FALSE
netflix_10489,imdb_43501,FALSE
netflix_10491,imdb_10645,FALSE
netflix_10495,imdb_11748,FALSE
netflix_10503,imdb_83307,FALSE
netflix_10520,imdb_35338,FALSE
netflix_10523,imdb_11516,FALSE
netflix_10527,imdb_73422,FALSE
netflix_10576,imdb_57545,FALSE
netflix_10583,imdb_77400,FALSE
netflix_10588,imdb_80959,FALSE
netflix_10591,imdb_51667,FALSE
netflix_10592,imdb_24413,FALSE
netflix_10593,imdb_1022,FALSE
netflix_10597,imdb_17189,FALSE
netflix_10602,imdb_27979,FALSE
netflix_10603,imdb_40997,FALSE
netflix_10605,imdb_30695,FALSE
netflix_10609,imdb_3221,FALSE
netflix_10610,imdb_18003,FALSE
netflix_10613,imdb_23023,FALSE
netflix_10616,imdb_70236,FALSE
netflix_10626,imdb_45127,FALSE
netflix_10628,imdb_81000,FALSE
netflix_10630,imdb_66932,FALSE
netflix_10635,imdb_71284,FALSE
netflix_10659,imdb_43713,FALSE
netflix_10674,imdb_18940,FALSE
netflix_10675,imdb_29690,FALSE
netflix_10677,imdb_65640,FALSE
netflix_10696,imdb_62502,FALSE
netflix_10715,imdb_57108,FALSE
netflix_10721,imdb_9601,FALSE
netflix_10735,imdb_39957,FALSE
netflix_10736,imdb_31772,FALSE
netflix_10739,imdb_72480,FALSE
netflix_10753,imdb_20564,FALSE
netflix_10754,imdb_4839,FALSE
netflix_10756,imdb_671,FALSE
netflix_10757,imdb_45823,FALSE
netflix_10758,imdb_58655,FALSE
netflix_10783,imdb_65235,FALSE
netflix_10792,imdb_58744,FALSE
netflix_10797,imdb_19683,FALSE
netflix_10798,imdb_31048,FALSE
netflix_10815,imdb_81228,FALSE
netflix_10821,imdb_12718,FALSE
netflix_10828,imdb_43787,FALSE
netflix_10838,imdb_18680,FALSE
netflix_10842,imdb_77205,FALSE
netflix_10849,imdb_42117,FALSE
netflix_10856,imdb_46037,FALSE
netflix_10865,imdb_72151,FALSE
netflix_10866,imdb_37995,FALSE
netflix_10871,imdb_64100,FALSE
netflix_10883,imdb_65912,FALSE
netflix_10884,imdb_2434,FALSE
netflix_10887,imdb_32687,FALSE
netflix_10893,imdb_11136,FALSE
netflix_10894,imdb_46066,FALSE
netflix_10895,imdb_74490,FALSE
netflix_10900,imdb_81059,FALSE
netflix_10902,imdb_50445,FALSE
netflix_10912,imdb_21011,FALSE
netflix_10931,imdb_15708,FALSE
netflix_10932,imdb_84219,FALSE
netflix_10953,imdb_43306,FALSE
netflix_10955,imdb_30618,FALSE
netflix_10967,imdb_49963,FALSE
netflix_10968,imdb_35605,FALSE
netflix_10992,imdb_44863,FALSE
netflix_11002,imdb_2462,FALSE
netflix_11023,imdb_78484,FALSE
netflix_11036,imdb_23455,FALSE
netflix_11050,imdb_12337,FALSE
netflix_11051,imdb_58697,FALSE
netflix_11058,imdb_36934,FALSE
netflix_11071,imdb_15120,FALSE
netflix_11075,imdb_21848,FALSE
netflix_11079,imdb_72091,FALSE
netflix_11083,imdb_49702,FALSE
netflix_11090,imdb_36755,FALSE
netflix_11091,imdb_32251,FALSE
netflix_11096,imdb_52669,FALSE
netflix_11116,imdb_66613,FALSE
netflix_11125,imdb_53146,FALSE
netflix_11126,imdb_41991,FALSE
netflix_11132,imdb_68111,FALSE
netflix_11142,imdb_18798,FALSE
netflix_11148,imdb_33498,FALSE
netflix_11161,imdb_16619,FALSE
netflix_11168,imdb_25972,FALSE
netflix_11187,imdb_46,FALSE
netflix_11195,imdb_15354,FALSE
netflix_11229,imdb_28360,FALSE
netflix_11236,imdb_37855,FALSE
netflix_11237,imdb_56525,FALSE
netflix_11238,imdb_8725,FALSE
netflix_11242,imdb_6821,FALSE
netflix_11246,imdb_81243,FALSE
netflix_11262,imdb_7424,FALSE
netflix_11284,imdb_77609,FALSE
netflix_11296,imdb_56552,FALSE
netflix_11297,imdb_8462,FALSE
netflix_11298,imdb_83473,FALSE
netflix_11315,imdb_45403,FALSE
netflix_11319,imdb_63332,FALSE
netflix_11321,imdb_31782,FALSE
netflix_11324,imdb_24141,FALSE
netflix_11325,imdb_69141,FALSE
netflix_11328,imdb_60454,FALSE
netflix_11330,imdb_43052,FALSE
netflix_11333,imdb_75698,FALSE
netflix_11342,imdb_68694,FALSE
netflix_11347,imdb_13301,FALSE
netflix_11351,imdb_52649,FALSE
netflix_11362,imdb_51655,FALSE
netflix_11370,imdb_71577,FALSE
netflix_11380,imdb_52199,FALSE
netflix_11386,imdb_60311,FALSE
netflix_11387,imdb_40126,FALSE
netflix_11391,imdb_38114,FALSE
netflix_11398,imdb_85302,FALSE
netflix_11403,imdb_16235,FALSE
netflix_11410,imdb_60339,FALSE
netflix_11413,imdb_18816,FALSE
netflix_11415,imdb_35802,FALSE
netflix_11420,imdb_5589,FALSE
netflix_11421,imdb_43893,FALSE
netflix_11423,imdb_63654,FALSE
netflix_11424,imdb_3350,FALSE
netflix_11448,imdb_14377,FALSE
netflix_11462,imdb_84671,FALSE
netflix_11463,imdb_31550,FALSE
netflix_11465,imdb_7120,FALSE
netflix_11466,imdb_9195,FALSE
netflix_11471,imdb_36052,FALSE
netflix_11475,imdb_73773,FALSE
netflix_11476,imdb_19676,FALSE
netflix_11480,imdb_34646,FALSE
netflix_11482,imdb_35553,FALSE
netflix_11483,imdb_70839,FALSE
netflix_11489,imdb_29491,FALSE
netflix_11490,imdb_30420,FALSE
netflix_11496,imdb_28258,FALSE
netflix_11505,imdb_8773,FALSE
netflix_11527,imdb_53265,FALSE
netflix_11536,imdb_75624,FALSE
netflix_11540,imdb_70366,FALSE
netflix_11545,imdb_47033,FALSE
netflix_11558,imdb_35401,FALSE
netflix_11559,imdb_22208,FALSE
netflix_11568,imdb_44752,FALSE
netflix_11573,imdb_20413,FALSE
netflix_11578,imdb_71610,FALSE
netflix_11581,imdb_11372,FALSE
netflix_11582,imdb_65818,FALSE
netflix_11586,imdb_21062,FALSE
netflix_11596,imdb_64029,FALSE
netflix_11600,imdb_84423,FALSE
netflix_11607,imdb_52460,FALSE
netflix_11613,imdb_84078,FALSE
netflix_11626,imdb_14751,FALSE
netflix_11627,imdb_37075,FALSE
netflix_11630,imdb_51268,FALSE
netflix_11634,imdb_2317,FALSE
netflix_11641,imdb_25983,FALSE
netflix_11648,imdb_29254,FALSE
netflix_11653,imdb_40987,FALSE
netflix_11654,imdb_60939,FALSE
netflix_11662,imdb_76981,FALSE
netflix_11665,imdb_59888,FALSE
netflix_11674,imdb_24518,FALSE
netflix_11685,imdb_17044,FALSE
netflix_11696,imdb_913,FALSE
netflix_11699,imdb_85760,FALSE
netflix_11702,imdb_35096,FALSE
netflix_11711,imdb_39661,FALSE
netflix_11713,imdb_44243,FALSE
netflix_11717,imdb_21394,FALSE
netflix_11720,imdb_77232,FALSE
netflix_11727,imdb_50198,FALSE
netflix_11732,imdb_34313,FALSE
netflix_11735,imdb_4674,FALSE
netflix_11738,imdb_12353,FALSE
netflix_11740,imdb_28215,FALSE
netflix_11741,imdb_39603,FALSE
netflix_11748,imdb_8998,FALSE
netflix_11767,imdb_4290,FALSE
netflix_11768,imdb_22040,FALSE
netflix_11775,imdb_13515,FALSE
netflix_11776,imdb_30259,FALSE
netflix_11780,imdb_31495,FALSE
netflix_11781,imdb_25695,FALSE
netflix_11792,imdb_52327,FALSE
netflix_11812,imdb_58268,FALSE
netflix_11821,imdb_27672,FALSE
netflix_11825,imdb_73718,FALSE
netflix_11830,imdb_84092,FALSE
netflix_11832,imdb_19251,FALSE
netflix_11834,imdb_13167,FALSE
netflix_11837,imdb_53844,FALSE
netflix_11839,imdb_55000,FALSE
netflix_11845,imdb_6789,FALSE
netflix_11846,imdb_325,FALSE
netflix_11854,imdb_47770,FALSE
netflix_11860,imdb_30455,FALSE
netflix_11862,imdb_82640,FALSE
netflix_11865,imdb_16599,FALSE
netflix_11866,imdb_5515,FALSE
netflix_11868,imdb_1788,FALSE
netflix_11879,imdb_80985,FALSE
netflix_11880,imdb_75768,FALSE
netflix_11882,imdb_67165,FALSE
netflix_11884,imdb_14168,FALSE
netflix_11887,imdb_34644,FALSE
netflix_11903,imdb_3961,FALSE
netflix_11904,imdb_80788,FALSE
netflix_11911,imdb_57642,FALSE
netflix_11913,imdb_20750,FALSE
netflix_11915,imdb_36970,FALSE
netflix_11918,imdb_83252,FALSE
netflix_11921,imdb_41365,FALSE
netflix_11928,imdb_29745,FALSE
netflix_11933,imdb_6304,FALSE
netflix_11934,imdb_35242,FALSE
netflix_11975,imdb_32182,FALSE
netflix_11989,imdb_14301,FALSE
netflix_11996,imdb_53946,FALSE
netflix_11998,imdb_20896,FALSE
netflix_11999,imdb_42449,FALSE
netflix_12001,imdb_65181,FALSE
netflix_12004,imdb_41273,FALSE
netflix_12010,imdb_43773,FALSE
netflix_12017,imdb_30945,FALSE
netflix_12018,imdb_55336,FALSE
netflix_12019,imdb_56408,FALSE
netflix_12021,imdb_5587,FALSE
netflix_12030,imdb_34099,FALSE
netflix_12034,imdb_26547,FALSE
netflix_12036,imdb_52560,FALSE
netflix_12037,imdb_21598,FALSE
netflix_12039,imdb_17655,FALSE
netflix_12080,imdb_20542,FALSE
netflix_12090,imdb_60623,FALSE
netflix_12091,imdb_83608,FALSE
netflix_12093,imdb_42491,FALSE
netflix_12097,imdb_81771,FALSE
netflix_12108,imdb_18189,FALSE
netflix_12119,imdb_48642,FALSE
netflix_12155,imdb_37115,FALSE
netflix_12156,imdb_46661,FALSE
netflix_12162,imdb_56315,FALSE
netflix_12167,imdb_37514,FALSE
netflix_12168,imdb_56461,FALSE
netflix_12170,imdb_1709,FALSE
netflix_12180,imdb_63487,FALSE
netflix_12184,imdb_74802,FALSE
netflix_12197,imdb_79607,FALSE
netflix_12203,imdb_46459,FALSE
netflix_12205,imdb_76175,FALSE
netflix_12212,imdb_15574,FALSE
netflix_12216,imdb_75943,FALSE
netflix_12225,imdb_56979,FALSE
netflix_12233,imdb_72532,FALSE
netflix_12246,imdb_37643,FALSE
netflix_12266,imdb_64556,FALSE
netflix_12274,imdb_70076,FALSE
netflix_12276,imdb_67967,FALSE
netflix_12277,imdb_71573,FALSE
netflix_12286,imdb_19557,FALSE
netflix_12296,imdb_55416,FALSE
netflix_12303,imdb_18266,FALSE
netflix_12309,imdb_21158,FALSE
netflix_12312,imdb_40716,FALSE
netflix_12315,imdb_33851,FALSE
netflix_12326,imdb_57285,FALSE
netflix_12330,imdb_58783,FALSE
netflix_12367,imdb_47352,FALSE
netflix_12381,imdb_16035,FALSE
netflix_12384,imdb_16722,FALSE
netflix_12393,imdb_53675,FALSE
netflix_12394,imdb_33765,FALSE
netflix_12396,imdb_47272,FALSE
netflix_12400,imdb_10460,FALSE
netflix_12407,imdb_18979,FALSE
netflix_12409,imdb_35920,FALSE
netflix_12419,imdb_34495,FALSE
netflix_12420,imdb_43994,FALSE
netflix_12426,imdb_9871,FALSE
netflix_12434,imdb_20912,FALSE
netflix_12439,imdb_59165,FALSE
netflix_12440,imdb_33405,FALSE
netflix_12446,imdb_57287,FALSE
netflix_12448,imdb_130,FALSE
netflix_12461,imdb_1791,FALSE
netflix_12463,imdb_34246,FALSE
netflix_12465,imdb_23553,FALSE
netflix_12468,imdb_79840,FALSE
netflix_12470,imdb_41729,FALSE
netflix_12475,imdb_47035,FALSE
netflix_12477,imdb_70616,FALSE
netflix_12483,imdb_41466,FALSE
netflix_12484,imdb_41790,FALSE
netflix_12486,imdb_48254,FALSE
netflix_12497,imdb_15268,FALSE
netflix_12498,imdb_22617,FALSE
netflix_12509,imdb_58860,FALSE
netflix_12516,imdb_78565,FALSE
netflix_12518,imdb_52187,FALSE
netflix_12519,imdb_81672,FALSE
netflix_12531,imdb_46264,FALSE
netflix_12538,imdb_83762,FALSE
netflix_12539,imdb_65333,FALSE
netflix_12549,imdb_10119,FALSE
netflix_12554,imdb_74984,FALSE
netflix_12556,imdb_60932,FALSE
netflix_12561,imdb_38058,FALSE
netflix_12567,imdb_66078,FALSE
netflix_12588,imdb_77993,FALSE
netflix_12590,imdb_53014,FALSE
netflix_12593,imdb_64913,FALSE
netflix_12596,imdb_15947,FALSE
netflix_12598,imdb_26884,FALSE
netflix_12603,imdb_11416,FALSE
netflix_12605,imdb_15421,FALSE
netflix_12614,imdb_59775,FALSE
netflix_12615,imdb_3231,FALSE
netflix_12617,imdb_66245,FALSE
netflix_12619,imdb_31263,FALSE
netflix_12620,imdb_35167,FALSE
netflix_12624,imdb_26265,FALSE
netflix_12632,imdb_17252,FALSE
netflix_12638,imdb_48885,FALSE
netflix_12640,imdb_84563,FALSE
netflix_12641,imdb_31968,FALSE
netflix_12642,imdb_27767,FALSE
netflix_12646,imdb_21981,FALSE
netflix_12696,imdb_14902,FALSE
netflix_12754,imdb_37640,FALSE
netflix_12894,imdb_6209,FALSE
netflix_13253,imdb_54051,FALSE
netflix_13255,imdb_70570,FALSE
netflix_13267,imdb_75059,FALSE
netflix_13273,imdb_39060,FALSE
netflix_13274,imdb_84277,FALSE
netflix_13277,imdb_15467,FALSE
netflix_13278,imdb_32491,FALSE
netflix_13290,imdb_83080,FALSE
netflix_13302,imdb_84254,FALSE
netflix_13309,imdb_73744,FALSE
netflix_13319,imdb_54386,FALSE
netflix_13320,imdb_32502,FALSE
netflix_13327,imdb_2844,FALSE
netflix_13332,imdb_19843,FALSE
netflix_13333,imdb_41308,FALSE
netflix_13337,imdb_15882,FALSE
netflix_13340,imdb_18203,FALSE
netflix_13342,imdb_64287,FALSE
netflix_13347,imdb_50292,FALSE
netflix_13349,imdb_54543,FALSE
netflix_13351,imdb_27896,FALSE
netflix_13356,imdb_29915,FALSE
netflix_13357,imdb_58154,FALSE
netflix_13369,imdb_35372,FALSE
netflix_13372,imdb_17056,FALSE
netflix_13374,imdb_47141,FALSE
netflix_13379,imdb_80518,FALSE
netflix_13382,imdb_19529,FALSE
netflix_13385,imdb_57546,FALSE
netflix_13386,imdb_46527,FALSE
netflix_13390,imdb_13733,FALSE
netflix_13395,imdb_61369,FALSE
netflix_13402,imdb_58156,FALSE
netflix_13410,imdb_76791,FALSE
netflix_13412,imdb_13242,FALSE
netflix_13418,imdb_79624,FALSE
netflix_13438,imdb_72846,FALSE
netflix_13442,imdb_42991,FALSE
netflix_13444,imdb_79508,FALSE
netflix_13447,imdb_30907,FALSE
netflix_13449,imdb_19503,FALSE
netflix_13456,imdb_65707,FALSE
netflix_13457,imdb_23794,FALSE
netflix_13479,imdb_29049,FALSE
netflix_13483,imdb_58190,FALSE
netflix_13488,imdb_2556,FALSE
netflix_13489,imdb_32167,FALSE
netflix_13493,imdb_14577,FALSE
netflix_13503,imdb_55423,FALSE
netflix_13508,imdb_33431,FALSE
netflix_13509,imdb_32244,FALSE
netflix_13514,imdb_38939,FALSE
netflix_13521,imdb_84717,FALSE
netflix_13528,imdb_57974,FALSE
netflix_13536,imdb_71801,FALSE
netflix_13537,imdb_76890,FALSE
netflix_13538,imdb_78668,FALSE
netflix_13539,imdb_84968,FALSE
netflix_13545,imdb_29701,FALSE
netflix_13549,imdb_76217,FALSE
netflix_13551,imdb_56786,FALSE
netflix_13554,imdb_18405,FALSE
netflix_13555,imdb_57100,FALSE
netflix_13560,imdb_38668,FALSE
netflix_13563,imdb_71068,FALSE
netflix_13564,imdb_3573,FALSE
netflix_13565,imdb_70995,FALSE
netflix_13566,imdb_42841,FALSE
netflix_13568,imdb_20652,FALSE
netflix_13569,imdb_51516,FALSE
netflix_13571,imdb_60268,FALSE
netflix_13579,imdb_44747,FALSE
netflix_13583,imdb_44489,FALSE
netflix_13593,imdb_38046,FALSE
netflix_13595,imdb_70981,FALSE
netflix_13608,imdb_56158,FALSE
netflix_13618,imdb_2928,FALSE
netflix_13619,imdb_82700,FALSE
netflix_13629,imdb_45122,FALSE
netflix_13631,imdb_63874,FALSE
netflix_13634,imdb_29807,FALSE
netflix_13641,imdb_1404,FALSE
netflix_13642,imdb_81805,FALSE
netflix_13643,imdb_50249,FALSE
netflix_13647,imdb_32811,FALSE
netflix_13648,imdb_84950,FALSE
netflix_13649,imdb_12433,FALSE
netflix_13650,imdb_40420,FALSE
netflix_13657,imdb_82861,FALSE
netflix_13666,imdb_16593,FALSE
netflix_13667,imdb_9860,FALSE
netflix_13672,imdb_53668,FALSE
netflix_13673,imdb_80715,FALSE
netflix_13683,imdb_22808,FALSE
netflix_13689,imdb_5634,FALSE
netflix_13706,imdb_4453,FALSE
netflix_13712,imdb_54862,FALSE
netflix_13713,imdb_48541,FALSE
netflix_13726,imdb_29881,FALSE
netflix_13744,imdb_81716,FALSE
netflix_13748,imdb_83246,FALSE
netflix_13755,imdb_42736,FALSE
netflix_13759,imdb_81329,FALSE
netflix_13760,imdb_13185,FALSE
netflix_13765,imdb_21725,FALSE
netflix_13777,imdb_43328,FALSE
netflix_13783,imdb_79710,FALSE
netflix_13797,imdb_26372,FALSE
netflix_13808,imdb_45631,FALSE
netflix_13814,imdb_42211,FALSE
netflix_13817,imdb_5557,FALSE
netflix_13822,imdb_35821,FALSE
netflix_13826,imdb_55848,FALSE
netflix_13829,imdb_40841,FALSE
netflix_13843,imdb_43051,FALSE
netflix_13850,imdb_19766,FALSE
netflix_13863,imdb_37746,FALSE
netflix_13871,imdb_31225,FALSE
netflix_13874,imdb_31146,FALSE
netflix_13877,imdb_32789,FALSE
netflix_13878,imdb_51167,FALSE
netflix_13880,imdb_60907,FALSE
netflix_13885,imdb_10290,FALSE
netflix_13896,imdb_17811,FALSE
netflix_13900,imdb_39554,FALSE
netflix_13901,imdb_1395,FALSE
netflix_13941,imdb_40838,FALSE
netflix_13946,imdb_75759,FALSE
netflix_13957,imdb_47385,FALSE
netflix_13983,imdb_38309,FALSE
netflix_13988,imdb_67556,FALSE
netflix_13995,imdb_12456,FALSE
netflix_13996,imdb_27916,FALSE
netflix_13998,imdb_13664,FALSE
netflix_14003,imdb_75800,FALSE
netflix_14013,imdb_64579,FALSE
netflix_14014,imdb_28161,FALSE
netflix_14022,imdb_31280,FALSE
netflix_14035,imdb_70191,FALSE
netflix_14047,imdb_77634,FALSE
netflix_14062,imdb_22171,FALSE
netflix_14063,imdb_50245,FALSE
netflix_14065,imdb_38526,FALSE
netflix_14067,imdb_58925,FALSE
netflix_14071,imdb_84694,FALSE
netflix_14073,imdb_68622,FALSE
netflix_14074,imdb_18130,FALSE
netflix_14076,imdb_8329,FALSE
netflix_14088,imdb_27282,FALSE
netflix_14091,imdb_63599,FALSE
netflix_14097,imdb_58135,FALSE
netflix_14099,imdb_4142,FALSE
netflix_14100,imdb_61061,FALSE
netflix_14109,imdb_74746,FALSE
netflix_14112,imdb_39712,FALSE
netflix_14117,imdb_11433,FALSE
netflix_14118,imdb_15397,FALSE
netflix_14120,imdb_59929,FALSE
netflix_14122,imdb_6375,FALSE
netflix_14125,imdb_73538,FALSE
netflix_14128,imdb_83860,FALSE
netflix_14130,imdb_73507,FALSE
netflix_14138,imdb_64870,FALSE
netflix_14152,imdb_48135,FALSE
netflix_14161,imdb_49392,FALSE
netflix_14164,imdb_76711,FALSE
netflix_14171,imdb_39624,FALSE
netflix_14172,imdb_79084,FALSE
netflix_14174,imdb_46317,FALSE
netflix_14175,imdb_19720,FALSE
netflix_14199,imdb_14274,FALSE
netflix_14203,imdb_25252,FALSE
netflix_14205,imdb_15836,FALSE
netflix_14208,imdb_64786,FALSE
netflix_14222,imdb_42183,FALSE
netflix_14224,imdb_16400,FALSE
netflix_14225,imdb_21173,FALSE
netflix_14230,imdb_22384,FALSE
netflix_14233,imdb_67605,FALSE
netflix_14242,imdb_37177,FALSE
netflix_14243,imdb_28713,FALSE
netflix_14249,imdb_77694,FALSE
netflix_14259,imdb_8799,FALSE
netflix_14264,imdb_53786,FALSE
netflix_14270,imdb_40890,FALSE
netflix_14272,imdb_22038,FALSE
netflix_14277,imdb_67085,FALSE
netflix_14280,imdb_75573,FALSE
netflix_14282,imdb_57465,FALSE
netflix_14292,imdb_10462,FALSE
netflix_14294,imdb_1633,FALSE
netflix_14306,imdb_23935,FALSE
netflix_14308,imdb_47788,FALSE
netflix_14315,imdb_23762,FALSE
netflix_14317,imdb_64780,FALSE
netflix_14324,imdb_34979,FALSE
netflix_14327,imdb_1757,FALSE
netflix_14331,imdb_37232,FALSE
netflix_14343,imdb_41695,FALSE
netflix_14344,imdb_76003,FALSE
netflix_14346,imdb_11529,FALSE
netflix_14359,imdb_11926,FALSE
netflix_14366,imdb_1707,FALSE
netflix_14368,imdb_32809,FALSE
netflix_14372,imdb_55066,FALSE
netflix_14375,imdb_80653,FALSE
netflix_14380,imdb_48891,FALSE
netflix_14389,imdb_59508,FALSE
netflix_14392,imdb_9435,FALSE
netflix_14398,imdb_85594,FALSE
netflix_14403,imdb_37627,FALSE
netflix_14406,imdb_70267,FALSE
netflix_14408,imdb_47418,FALSE
netflix_14411,imdb_119,FALSE
netflix_14419,imdb_16422,FALSE
netflix_14423,imdb_42465,FALSE
netflix_14424,imdb_37936,FALSE
netflix_14430,imdb_40982,FALSE
netflix_14431,imdb_38597,FALSE
netflix_14433,imdb_40977,FALSE
netflix_14441,imdb_35132,FALSE
netflix_14444,imdb_60327,FALSE
netflix_14453,imdb_22843,FALSE
netflix_14456,imdb_64778,FALSE
netflix_14461,imdb_75494,FALSE
netflix_14470,imdb_15091,FALSE
netflix_14474,imdb_52065,FALSE
netflix_14476,imdb_2570,FALSE
netflix_14480,imdb_14612,FALSE
netflix_14488,imdb_12590,FALSE
netflix_14489,imdb_53036,FALSE
netflix_14493,imdb_43008,FALSE
netflix_14501,imdb_7137,FALSE
netflix_14507,imdb_60385,FALSE
netflix_14516,imdb_70803,FALSE
netflix_14518,imdb_40529,FALSE
netflix_14519,imdb_34540,FALSE
netflix_14520,imdb_40483,FALSE
netflix_14530,imdb_29692,FALSE
netflix_14531,imdb_83879,FALSE
netflix_14543,imdb_66951,FALSE
netflix_14565,imdb_71846,FALSE
netflix_14567,imdb_33947,FALSE
netflix_14569,imdb_85831,FALSE
netflix_14572,imdb_52633,FALSE
netflix_14573,imdb_29347,FALSE
netflix_14574,imdb_23164,FALSE
netflix_14575,imdb_50911,FALSE
netflix_14576,imdb_13312,FALSE
netflix_14580,imdb_8778,FALSE
netflix_14585,imdb_3857,FALSE
netflix_14588,imdb_80694,FALSE
netflix_14589,imdb_73925,FALSE
netflix_14590,imdb_45963,FALSE
netflix_14591,imdb_61690,FALSE
netflix_14594,imdb_16540,FALSE
netflix_14597,imdb_14490,FALSE
netflix_14599,imdb_10683,FALSE
netflix_14607,imdb_24757,FALSE
netflix_14610,imdb_80611,FALSE
netflix_14613,imdb_5248,FALSE
netflix_14614,imdb_21266,FALSE
netflix_14624,imdb_83709,FALSE
netflix_14626,imdb_26483,FALSE
netflix_14628,imdb_49404,FALSE
netflix_14630,imdb_2471,FALSE
netflix_14631,imdb_38285,FALSE
netflix_14633,imdb_56872,FALSE
netflix_14644,imdb_68880,FALSE
netflix_14646,imdb_57882,FALSE
netflix_14650,imdb_74793,FALSE
netflix_14653,imdb_60335,FALSE
netflix_14661,imdb_52793,FALSE
netflix_14664,imdb_16430,FALSE
netflix_14667,imdb_14533,FALSE
netflix_14674,imdb_6436,FALSE
netflix_14677,imdb_61208,FALSE
netflix_14680,imdb_67367,FALSE
netflix_14681,imdb_13544,FALSE
netflix_14685,imdb_67328,FALSE
netflix_14690,imdb_81814,FALSE
netflix_14693,imdb_3871,FALSE
netflix_14698,imdb_81914,FALSE
netflix_14701,imdb_11930,FALSE
netflix_14706,imdb_1775,FALSE
netflix_14712,imdb_59966,FALSE
netflix_14714,imdb_23124,FALSE
netflix_14717,imdb_10369,FALSE
netflix_14725,imdb_52018,FALSE
netflix_14728,imdb_21233,FALSE
netflix_14736,imdb_76526,FALSE
netflix_14738,imdb_4476,FALSE
netflix_14740,imdb_76453,FALSE
netflix_14743,imdb_30844,FALSE
netflix_14746,imdb_25990,FALSE
netflix_14750,imdb_47637,FALSE
netflix_14768,imdb_49914,FALSE
netflix_14788,imdb_36287,FALSE
netflix_14789,imdb_52784,FALSE
netflix_14795,imdb_51255,FALSE
netflix_14798,imdb_68367,FALSE
netflix_14800,imdb_19586,FALSE
netflix_14806,imdb_26440,FALSE
netflix_14809,imdb_69398,FALSE
netflix_14812,imdb_5938,FALSE
netflix_14815,imdb_5265,FALSE
netflix_14823,imdb_8792,FALSE
netflix_14824,imdb_36282,FALSE
netflix_14825,imdb_895,FALSE
netflix_14826,imdb_47092,FALSE
netflix_14827,imdb_54719,FALSE
netflix_14831,imdb_59337,FALSE
netflix_14849,imdb_43858,FALSE
netflix_14851,imdb_9007,FALSE
netflix_14856,imdb_54773,FALSE
netflix_14858,imdb_13202,FALSE
netflix_14865,imdb_34552,FALSE
netflix_14873,imdb_63721,FALSE
netflix_14883,imdb_65171,FALSE
netflix_14885,imdb_32539,FALSE
netflix_14889,imdb_64097,FALSE
netflix_14895,imdb_6433,FALSE
netflix_14897,imdb_16259,FALSE
netflix_14898,imdb_21812,FALSE
netflix_14904,imdb_14535,FALSE
netflix_14906,imdb_58969,FALSE
netflix_14907,imdb_13352,FALSE
netflix_14924,imdb_50617,FALSE
netflix_14935,imdb_1029,FALSE
netflix_14942,imdb_13788,FALSE
netflix_14944,imdb_36623,FALSE
netflix_14951,imdb_47102,FALSE
netflix_14954,imdb_14520,FALSE
netflix_14958,imdb_2990,FALSE
netflix_14963,imdb_8897,FALSE
netflix_14964,imdb_4435,FALSE
netflix_14967,imdb_51624,FALSE
netflix_14975,imdb_12814,FALSE
netflix_14979,imdb_23126,FALSE
netflix_14988,imdb_70188,FALSE
netflix_14991,imdb_84278,FALSE
netflix_14995,imdb_6927,FALSE
netflix_14998,imdb_41656,FALSE
netflix_14999,imdb_75574,FALSE
netflix_15004,imdb_81719,FALSE
netflix_15007,imdb_51731,FALSE
netflix_15018,imdb_1975,FALSE
netflix_15035,imdb_36338,FALSE
netflix_15036,imdb_18653,FALSE
netflix_15037,imdb_45809,FALSE
netflix_15064,imdb_22694,FALSE
netflix_15070,imdb_55010,FALSE
netflix_15075,imdb_65358,FALSE
netflix_15078,imdb_18195,FALSE
netflix_15085,imdb_38673,FALSE
netflix_15090,imdb_55220,FALSE
netflix_15091,imdb_72186,FALSE
netflix_15093,imdb_83332,FALSE
netflix_15099,imdb_35020,FALSE
netflix_15114,imdb_1040,FALSE
netflix_15121,imdb_4074,FALSE
netflix_15129,imdb_61183,FALSE
netflix_15135,imdb_22380,FALSE
netflix_15144,imdb_35453,FALSE
netflix_15161,imdb_72918,FALSE
netflix_15162,imdb_38150,FALSE
netflix_15164,imdb_66559,FALSE
netflix_15167,imdb_74215,FALSE
netflix_15182,imdb_44185,FALSE
netflix_15191,imdb_72107,FALSE
netflix_15198,imdb_66791,FALSE
netflix_15203,imdb_8667,FALSE
netflix_15205,imdb_29774,FALSE
netflix_15212,imdb_42443,FALSE
netflix_15214,imdb_44364,FALSE
netflix_15225,imdb_52161,FALSE
netflix_15226,imdb_35755,FALSE
netflix_15232,imdb_8401,FALSE
netflix_15235,imdb_10461,FALSE
netflix_15236,imdb_12713,FALSE
netflix_15239,imdb_18864,FALSE
netflix_15275,imdb_65490,FALSE
netflix_15276,imdb_24262,FALSE
netflix_15308,imdb_30800,FALSE
netflix_15318,imdb_80869,FALSE
netflix_15320,imdb_27956,FALSE
netflix_15330,imdb_41285,FALSE
netflix_15342,imdb_27871,FALSE
netflix_15382,imdb_54885,FALSE
netflix_15394,imdb_5997,FALSE
netflix_15399,imdb_8269,FALSE
netflix_15400,imdb_56700,FALSE
netflix_15402,imdb_83456,FALSE
netflix_15403,imdb_30100,FALSE
netflix_15409,imdb_84061,FALSE
netflix_15413,imdb_49626,FALSE
netflix_15415,imdb_49246,FALSE
netflix_15420,imdb_64236,FALSE
netflix_15430,imdb_5043,FALSE
netflix_15431,imdb_44156,FALSE
netflix_15432,imdb_66036,FALSE
netflix_15433,imdb_43352,FALSE
netflix_15434,imdb_2111,FALSE
netflix_15435,imdb_46338,FALSE
netflix_15438,imdb_61747,FALSE
netflix_15449,imdb_82698,FALSE
netflix_15452,imdb_13715,FALSE
netflix_15457,imdb_84734,FALSE
netflix_15461,imdb_49233,FALSE
netflix_23,imdb_55847,FALSE
netflix_43,imdb_72745,FALSE
netflix_92,imdb_75525,FALSE
netflix_98,imdb_1386,FALSE
netflix_238,imdb_61360,FALSE
netflix_416,imdb_53408,FALSE
netflix_425,imdb_9996,FALSE
netflix_490,imdb_39292,FALSE
netflix_533,imdb_30678,FALSE
netflix_649,imdb_52378,FALSE
netflix_650,imdb_13350,FALSE
netflix_721,imdb_56064,FALSE
netflix_751,imdb_7132,FALSE
netflix_753,imdb_18543,FALSE
netflix_762,imdb_37345,FALSE
netflix_841,imdb_84980,FALSE
netflix_842,imdb_85100,FALSE
netflix_973,imdb_83589,FALSE
netflix_1110,imdb_63948,FALSE
netflix_1132,imdb_66301,FALSE
netflix_1270,imdb_28967,FALSE
netflix_1298,imdb_10724,FALSE
netflix_1326,imdb_36233,FALSE
netflix_1431,imdb_47713,FALSE
netflix_1680,imdb_1611,FALSE
netflix_1721,imdb_42870,FALSE
netflix_1767,imdb_62402,FALSE
netflix_2094,imdb_21896,FALSE
netflix_2134,imdb_43050,FALSE
netflix_2529,imdb_48208,FALSE
netflix_2535,imdb_18948,FALSE
netflix_2542,imdb_60270,FALSE
netflix_2547,imdb_15630,FALSE
netflix_2548,imdb_41573,FALSE
netflix_2555,imdb_21414,FALSE
netflix_2559,imdb_34557,FALSE
netflix_2563,imdb_73446,FALSE
netflix_2566,imdb_64813,FALSE
netflix_2760,imdb_67557,FALSE
netflix_2784,imdb_24422,FALSE
netflix_2822,imdb_63436,FALSE
netflix_3153,imdb_27181,FALSE
netflix_3163,imdb_67662,FALSE
netflix_3212,imdb_15343,FALSE
netflix_3353,imdb_68469,FALSE
netflix_3382,imdb_41097,FALSE
netflix_3412,imdb_61592,FALSE
netflix_3494,imdb_81107,FALSE
netflix_3591,imdb_65224,FALSE
netflix_3702,imdb_63301,FALSE
netflix_3746,imdb_12003,FALSE
netflix_3822,imdb_65241,FALSE
netflix_3862,imdb_7929,FALSE
netflix_3868,imdb_8120,FALSE
netflix_3894,imdb_75541,FALSE
netflix_3895,imdb_43010,FALSE
netflix_4031,imdb_47201,FALSE
netflix_4107,imdb_60390,FALSE
netflix_4140,imdb_22707,FALSE
netflix_4143,imdb_42373,FALSE
netflix_4191,imdb_45688,FALSE
netflix_4339,imdb_67869,FALSE
netflix_4372,imdb_8988,FALSE
netflix_4473,imdb_64306,FALSE
netflix_4497,imdb_213,FALSE
netflix_4499,imdb_36625,FALSE
netflix_4622,imdb_7066,FALSE
netflix_4637,imdb_16228,FALSE
netflix_4642,imdb_52449,FALSE
netflix_4766,imdb_23578,FALSE
netflix_4775,imdb_31332,FALSE
netflix_4805,imdb_54406,FALSE
netflix_4812,imdb_13483,FALSE
netflix_4813,imdb_30560,FALSE
netflix_4851,imdb_11729,FALSE
netflix_4854,imdb_38598,FALSE
netflix_4889,imdb_8063,FALSE
netflix_5052,imdb_55427,FALSE
netflix_5055,imdb_15285,FALSE
netflix_5120,imdb_84962,FALSE
netflix_5153,imdb_7109,FALSE
netflix_5191,imdb_19971,FALSE
netflix_5199,imdb_49513,FALSE
netflix_5251,imdb_25772,FALSE
netflix_5332,imdb_65301,FALSE
netflix_5363,imdb_43281,FALSE
netflix_5458,imdb_1319,FALSE
netflix_5569,imdb_5737,FALSE
netflix_5612,imdb_48213,FALSE
netflix_5631,imdb_18970,FALSE
netflix_5690,imdb_63906,FALSE
netflix_5691,imdb_30534,FALSE
netflix_5693,imdb_75603,FALSE
netflix_5696,imdb_74029,FALSE
netflix_5731,imdb_22554,FALSE
netflix_5741,imdb_22612,FALSE
netflix_5751,imdb_83408,FALSE
netflix_5781,imdb_49339,FALSE
netflix_5809,imdb_70858,FALSE
netflix_5840,imdb_59559,FALSE
netflix_5842,imdb_72674,FALSE
netflix_5845,imdb_69445,FALSE
netflix_5846,imdb_11274,FALSE
netflix_5889,imdb_2293,FALSE
netflix_5912,imdb_43339,FALSE
netflix_5913,imdb_7931,FALSE
netflix_5918,imdb_59413,FALSE
netflix_5942,imdb_77351,FALSE
netflix_5972,imdb_18869,FALSE
netflix_5990,imdb_67475,FALSE
netflix_6030,imdb_30236,FALSE
netflix_6082,imdb_65905,FALSE
netflix_6110,imdb_47929,FALSE
netflix_6115,imdb_60237,FALSE
netflix_6116,imdb_26360,FALSE
netflix_6129,imdb_68586,FALSE
netflix_6144,imdb_38099,FALSE
netflix_6194,imdb_49080,FALSE
netflix_6249,imdb_3777,FALSE
netflix_6256,imdb_2521,FALSE
netflix_6295,imdb_8089,FALSE
netflix_6358,imdb_18560,FALSE
netflix_6397,imdb_47078,FALSE
netflix_6412,imdb_25720,FALSE
netflix_6413,imdb_1835,FALSE
netflix_6441,imdb_43371,FALSE
netflix_6514,imdb_45200,FALSE
netflix_6651,imdb_29326,FALSE
netflix_6669,imdb_54746,FALSE
netflix_6710,imdb_21590,FALSE
netflix_6772,imdb_42803,FALSE
netflix_6774,imdb_5317,FALSE
netflix_6819,imdb_84448,FALSE
netflix_6844,imdb_37875,FALSE
netflix_6845,imdb_46500,FALSE
netflix_6880,imdb_35834,FALSE
netflix_6881,imdb_32114,FALSE
netflix_6991,imdb_33435,FALSE
netflix_7138,imdb_74438,FALSE
netflix_7147,imdb_20802,FALSE
netflix_7167,imdb_27384,FALSE
netflix_7201,imdb_10813,FALSE
netflix_7212,imdb_22224,FALSE
netflix_7254,imdb_8910,FALSE
netflix_7257,imdb_42280,FALSE
netflix_7319,imdb_76758,FALSE
netflix_7321,imdb_84595,FALSE
netflix_7329,imdb_21927,FALSE
netflix_7360,imdb_33186,FALSE
netflix_7951,imdb_61227,FALSE
netflix_8029,imdb_74531,FALSE
netflix_8151,imdb_47947,FALSE
netflix_8153,imdb_39933,FALSE
netflix_8165,imdb_13847,FALSE
netflix_8197,imdb_79088,FALSE
netflix_8223,imdb_9747,FALSE
netflix_8260,imdb_18146,FALSE
netflix_8267,imdb_6515,FALSE
netflix_8290,imdb_25767,FALSE
netflix_8301,imdb_7411,FALSE
netflix_8332,imdb_30647,FALSE
netflix_8504,imdb_32086,FALSE
netflix_8505,imdb_29708,FALSE
netflix_8515,imdb_83936,FALSE
netflix_8523,imdb_66226,FALSE
netflix_8543,imdb_77922,FALSE
netflix_8545,imdb_32207,FALSE
netflix_8667,imdb_19267,FALSE
netflix_8681,imdb_36027,FALSE
netflix_8697,imdb_37622,FALSE
netflix_8724,imdb_22755,FALSE
netflix_8831,imdb_35472,FALSE
netflix_8869,imdb_51630,FALSE
netflix_8880,imdb_21364,FALSE
netflix_8931,imdb_28893,FALSE
netflix_8997,imdb_31727,FALSE
netflix_9129,imdb_79828,FALSE
netflix_9147,imdb_22828,FALSE
netflix_9161,imdb_33154,FALSE
netflix_9164,imdb_17906,FALSE
netflix_9190,imdb_31852,FALSE
netflix_9241,imdb_36702,FALSE
netflix_9251,imdb_52366,FALSE
netflix_9345,imdb_78850,FALSE
netflix_9511,imdb_80425,FALSE
netflix_9537,imdb_16381,FALSE
netflix_9559,imdb_49836,FALSE
netflix_9584,imdb_33027,FALSE
netflix_9619,imdb_42704,FALSE
netflix_9634,imdb_85619,FALSE
netflix_9670,imdb_82352,FALSE
netflix_9724,imdb_14228,FALSE
netflix_9735,imdb_80997,FALSE
netflix_9753,imdb_26404,FALSE
netflix_9775,imdb_57321,FALSE
netflix_9785,imdb_34054,FALSE
netflix_9825,imdb_68543,FALSE
netflix_9849,imdb_71851,FALSE
netflix_9859,imdb_28855,FALSE
netflix_9908,imdb_36267,FALSE
netflix_9910,imdb_10761,FALSE
netflix_9938,imdb_62758,FALSE
netflix_9951,imdb_35359,FALSE
netflix_10013,imdb_7096,FALSE
netflix_10090,imdb_65674,FALSE
netflix_10208,imdb_65665,FALSE
netflix_10250,imdb_67535,FALSE
netflix_10275,imdb_56382,FALSE
netflix_10315,imdb_17575,FALSE
netflix_10332,imdb_48778,FALSE
netflix_10445,imdb_76740,FALSE
netflix_10546,imdb_1528,FALSE
netflix_10577,imdb_6952,FALSE
netflix_10599,imdb_5911,FALSE
netflix_10621,imdb_3412,FALSE
netflix_10671,imdb_22195,FALSE
netflix_10719,imdb_36458,FALSE
netflix_10722,imdb_5832,FALSE
netflix_10730,imdb_27289,FALSE
netflix_10750,imdb_56068,FALSE
netflix_10759,imdb_40741,FALSE
netflix_10772,imdb_4581,FALSE
netflix_10795,imdb_12064,FALSE
netflix_10823,imdb_53132,FALSE
netflix_10830,imdb_76847,FALSE
netflix_10882,imdb_17602,FALSE
netflix_10885,imdb_60303,FALSE
netflix_10886,imdb_67099,FALSE
netflix_10889,imdb_15640,FALSE
netflix_10914,imdb_64542,FALSE
netflix_10964,imdb_48525,FALSE
netflix_10969,imdb_58256,FALSE
netflix_10974,imdb_14282,FALSE
netflix_10989,imdb_37311,FALSE
netflix_11014,imdb_12318,FALSE
netflix_11018,imdb_32062,FALSE
netflix_11020,imdb_10904,FALSE
netflix_11101,imdb_13795,FALSE
netflix_11167,imdb_11802,FALSE
netflix_11180,imdb_65238,FALSE
netflix_11232,imdb_31384,FALSE
netflix_11254,imdb_78651,FALSE
netflix_11289,imdb_45231,FALSE
netflix_11349,imdb_16049,FALSE
netflix_11428,imdb_70016,FALSE
netflix_11441,imdb_44781,FALSE
netflix_11452,imdb_76666,FALSE
netflix_11510,imdb_36123,FALSE
netflix_11546,imdb_18562,FALSE
netflix_11562,imdb_56458,FALSE
netflix_11628,imdb_47759,FALSE
netflix_11635,imdb_20469,FALSE
netflix_11689,imdb_85689,FALSE
netflix_11692,imdb_22739,FALSE
netflix_11714,imdb_39880,FALSE
netflix_11742,imdb_16089,FALSE
netflix_11752,imdb_39376,FALSE
netflix_11753,imdb_17720,FALSE
netflix_11765,imdb_52238,FALSE
netflix_11773,imdb_72568,FALSE
netflix_11819,imdb_67679,FALSE
netflix_11871,imdb_54915,FALSE
netflix_11935,imdb_53020,FALSE
netflix_11944,imdb_70466,FALSE
netflix_12043,imdb_34849,FALSE
netflix_12044,imdb_66486,FALSE
netflix_12072,imdb_20549,FALSE
netflix_12078,imdb_84913,FALSE
netflix_12124,imdb_46498,FALSE
netflix_12137,imdb_51608,FALSE
netflix_12141,imdb_6081,FALSE
netflix_12178,imdb_34158,FALSE
netflix_12187,imdb_57001,FALSE
netflix_12189,imdb_53094,FALSE
netflix_12244,imdb_67112,FALSE
netflix_12317,imdb_44200,FALSE
netflix_12321,imdb_83882,FALSE
netflix_12334,imdb_10415,FALSE
netflix_12341,imdb_56125,FALSE
netflix_12345,imdb_36092,FALSE
netflix_12350,imdb_28544,FALSE
netflix_12430,imdb_3545,FALSE
netflix_12447,imdb_80398,FALSE
netflix_12459,imdb_48426,FALSE
netflix_12460,imdb_36257,FALSE
netflix_12485,imdb_52737,FALSE
netflix_12607,imdb_83803,FALSE
netflix_12633,imdb_74896,FALSE
netflix_12643,imdb_74830,FALSE
netflix_12645,imdb_20821,FALSE
netflix_12682,imdb_11671,FALSE
netflix_13266,imdb_73855,FALSE
netflix_13268,imdb_17384,FALSE
netflix_13269,imdb_44362,FALSE
netflix_13275,imdb_77858,FALSE
netflix_13276,imdb_30620,FALSE
netflix_13288,imdb_74871,FALSE
netflix_13353,imdb_24281,FALSE
netflix_13380,imdb_23866,FALSE
netflix_13387,imdb_52698,FALSE
netflix_13407,imdb_71504,FALSE
netflix_13413,imdb_37788,FALSE
netflix_13446,imdb_41753,FALSE
netflix_13478,imdb_43553,FALSE
netflix_13527,imdb_35819,FALSE
netflix_13548,imdb_18854,FALSE
netflix_13576,imdb_62920,FALSE
netflix_13632,imdb_21403,FALSE
netflix_13637,imdb_85190,FALSE
netflix_13639,imdb_10012,FALSE
netflix_13704,imdb_36873,FALSE
netflix_13746,imdb_26685,FALSE
netflix_13753,imdb_35929,FALSE
netflix_13767,imdb_51254,FALSE
netflix_13810,imdb_36952,FALSE
netflix_13812,imdb_58155,FALSE
netflix_13856,imdb_33142,FALSE
netflix_13964,imdb_32304,FALSE
netflix_13986,imdb_37988,FALSE
netflix_14028,imdb_82676,FALSE
netflix_14038,imdb_6283,FALSE
netflix_14080,imdb_78550,FALSE
netflix_14084,imdb_71184,FALSE
netflix_14092,imdb_85208,FALSE
netflix_14121,imdb_2459,FALSE
netflix_14146,imdb_1306,FALSE
netflix_14150,imdb_73216,FALSE
netflix_14192,imdb_48391,FALSE
netflix_14207,imdb_39800,FALSE
netflix_14219,imdb_77333,FALSE
netflix_14246,imdb_73285,FALSE
netflix_14251,imdb_52104,FALSE
netflix_14320,imdb_65416,FALSE
netflix_14329,imdb_9519,FALSE
netflix_14386,imdb_32940,FALSE
netflix_14396,imdb_58510,FALSE
netflix_14418,imdb_16684,FALSE
netflix_14446,imdb_85708,FALSE
netflix_14492,imdb_22676,FALSE
netflix_14521,imdb_29544,FALSE
netflix_14522,imdb_81571,FALSE
netflix_14560,imdb_20745,FALSE
netflix_14578,imdb_7301,FALSE
netflix_14596,imdb_39821,FALSE
netflix_14604,imdb_2482,FALSE
netflix_14618,imdb_64051,FALSE
netflix_14638,imdb_30999,FALSE
netflix_14688,imdb_17267,FALSE
netflix_14700,imdb_62118,FALSE
netflix_14716,imdb_55123,FALSE
netflix_14733,imdb_56242,FALSE
netflix_14755,imdb_64992,FALSE
netflix_14803,imdb_84352,FALSE
netflix_14837,imdb_37267,FALSE
netflix_14861,imdb_44735,FALSE
netflix_14940,imdb_28856,FALSE
netflix_15005,imdb_22021,FALSE
netflix_15009,imdb_5170,FALSE
netflix_15076,imdb_35069,FALSE
netflix_15120,imdb_31,FALSE
netflix_15143,imdb_43983,FALSE
netflix_15145,imdb_32348,FALSE
netflix_15302,imdb_19073,FALSE
netflix_15353,imdb_63678,FALSE
netflix_15365,imdb_53857,FALSE
netflix_15381,imdb_61107,FALSE
netflix_15421,imdb_32380,FALSE
netflix_15427,imdb_27514,FALSE
netflix_15445,imdb_71464,FALSE
netflix_15462,imdb_4578,FALSE
netflix_10058,imdb_58394,FALSE
netflix_10058,imdb_63133,FALSE
netflix_10058,imdb_65340,FALSE
netflix_10058,imdb_77244,FALSE
netflix_10058,imdb_79251,FALSE
netflix_10068,imdb_74084,FALSE
netflix_9615,imdb_12776,FALSE
netflix_5847,imdb_12776,FALSE
netflix_10759,imdb_60885,FALSE
netflix_14217,imdb_55657,FALSE
netflix_6158,imdb_85459,FALSE
netflix_14949,imdb_38754,FALSE
netflix_14807,imdb_44699,FALSE
netflix_5957,imdb_84204,FALSE
netflix_9450,imdb_70225,FALSE
netflix_9785,imdb_69197,FALSE
